Date,BMR Calories,Active Calories,Total Steps,Highly Active Seconds,Moderate Intensity Minutes,Vigorous Intensity Minutes,Floors Ascended,Floors Descended,Min Heart Rate,Max Heart Rate,Resting Heart Rate,7 Day Avg RHR,Low Stress %,Medium Stress %,High Stress %,Stress Qualifier,Awake Duration (sec),Asleep Duration (sec),Body Battery Max,Body Battery Min,Average SpO2,Lowest SpO2,Latest SpO2,Avg Respiration Rate,Max Respiration Rate,Min Respiration Rate,Weight (lbs),Body Fat %,HRV Weekly Avg,HRV Last Night Avg,HRV Last Night 5 Min High,HRV Status,Sleep Time (sec),Nap Time (sec),Deep Sleep (sec),Light Sleep (sec),REM Sleep (sec),Awake Sleep (sec),Sleep Avg Respiration,Sleep Min Respiration,Sleep Max Respiration,Awake Count,Avg Sleep Stress,Sleep Score Feedback,Sleep Score Insight,Sleep Score Personalized Insight
2025-10-30,2911.0,1096.0,15808,8745,35,24,30.45472,14.84514,52,141,57,57,25.9,9.34,4.59,STRESSFUL,81540,24000,45,6,94.0,83,96,14.0,24.0,8.0,201.8,14.0,50,40,55,BALANCED,21420,0,3540,17880,0,2580,16.0,10.0,22.0,3,36.0,NEGATIVE_NOT_RESTORATIVE,NONE,STRESS_NEG_POOR_SLEEP_STRESSFUL_EVENING
2025-10-31,2254.0,1108.0,17251,6499,2,37,53.17454,54.97703,54,170,60,57,31.6,9.53,2.66,STRESSFUL,59160,20400,41,5,96.0,88,99,14.0,25.0,7.0,,,48,40,69,BALANCED,20580,0,840,19140,600,300,16.0,11.0,23.0,0,30.0,NEGATIVE_POOR_STRUCTURE,NONE,STRESS_NEG_FAIR_OR_POOR_SLEEP_STRESSFUL_DAY_POOR_HISTORY
2025-11-01,2253.0,189.0,6622,2403,0,0,13.60991,9.59186,54,104,58,57,28.84,8.98,1.12,BALANCED,60000,22140,51,5,96.0,88,93,14.0,25.0,6.0,201.5,13.0,47,44,80,BALANCED,21900,4500,1080,18000,2820,780,15.0,10.0,22.0,2,21.0,NEGATIVE_LIGHT,NONE,GENERAL_NEG_FAIR_OR_POOR_SLEEP
2025-11-02,2346.0,1273.0,17595,6791,48,25,19.09482,19.01017,53,139,56,57,17.22,16.68,4.54,BALANCED,63720,22440,82,8,95.0,85,94,14.0,23.0,7.0,,,48,51,78,BALANCED,27600,0,3660,18480,5460,300,13.0,9.0,19.0,0,17.0,POSITIVE_LONG_AND_CONTINUOUS,NONE,GENERAL_POS_EXCELLENT_OR_GOOD_SLEEP
2025-11-03,2227.0,266.0,7499,2666,0,1,9.17388,11.00131,52,105,55,57,14.15,5.23,1.25,BALANCED,34260,21060,57,11,95.0,90,93,13.0,22.0,7.0,196.9,13.0,46,45,65,BALANCED,23460,2040,1620,16740,5100,60,15.0,9.0,21.0,0,22.0,POSITIVE_CONTINUOUS,NONE,GENERAL_POS_FAIR_OR_POOR_SLEEP
2025-11-04,2227.0,503.0,7845,4286,0,0,10.61647,6.08104,48,111,53,57,6.24,9.6,11.7,BALANCED,43920,23520,87,5,94.0,84,94,15.0,24.0,7.0,,,45,51,78,UNBALANCED,23400,0,3180,15840,4380,540,14.0,8.0,19.0,1,14.0,POSITIVE_RECOVERING,NONE,STRESS_POS_FAIR_OR_POOR_SLEEP_RESTFUL_DAY
2025-11-05,2227.0,247.0,7591,3932,0,0,11.77887,11.64764,51,103,55,56,17.86,3.7,0.63,BALANCED,47640,21660,60,5,95.0,89,94,13.0,23.0,6.0,,,46,51,75,BALANCED,21660,1680,3960,14700,3000,0,14.0,11.0,23.0,0,23.0,POSITIVE_CONTINUOUS,POSITIVE_LATE_BED_TIME,GENERAL_POS_FAIR_OR_POOR_SLEEP
2025-11-06,2239.0,1089.0,10669,5845,45,21,13.0,9.4252,54,149,58,56,23.1,16.82,6.84,STRESSFUL,61500,22380,67,5,95.0,90,92,13.0,23.0,7.0,199.2,11.0,46,44,68,BALANCED,21900,0,3600,16860,1440,480,15.0,11.0,22.0,0,20.0,NEGATIVE_NOT_ENOUGH_REM,NONE,MOD_EXERCISE_NEG_FAIR_OR_POOR_SLEEP_INACTIVITY
2025-11-07,2239.0,376.0,9614,5602,0,0,6.32907,6.07218,49,106,52,55,19.4,9.98,4.12,BALANCED,62760,21300,50,5,95.0,89,95,14.0,24.0,7.0,,,47,43,76,BALANCED,20760,3360,4800,13980,1980,540,15.0,11.0,22.0,0,21.0,NEGATIVE_NOT_ENOUGH_REM,NEGATIVE_STRESSFUL_DAY,STRESS_NEG_FAIR_OR_POOR_SLEEP_STRESSFUL_DAY_POOR_HISTORY
2025-11-08,2239.0,1477.0,14010,4742,64,63,13.30741,10.7582,48,142,50,54,19.2,6.66,1.54,BALANCED,61560,18900,93,14,95.0,87,94,13.0,22.0,6.0,,,49,59,84,BALANCED,20760,3900,1920,15780,3060,0,13.0,10.0,18.0,0,6.0,POSITIVE_RECOVERING,NONE,STRESS_POS_FAIR_OR_POOR_SLEEP_RESTFUL_DAY
2025-11-09,2239.0,429.0,11309,6517,0,1,12.00295,9.67421,49,115,52,54,11.72,4.26,1.33,CALM,62640,21480,72,14,94.0,85,94,14.0,21.0,7.0,,,49,54,77,BALANCED,18600,6660,2820,13860,1920,3360,14.0,8.0,20.0,2,15.0,NEGATIVE_SHORT_AND_POOR_STRUCTURE,NONE,NAPPING_NEG_FAIR_SLEEP_NOTGOOD_DURATION_POOR_QUALITY
2025-11-10,2239.0,976.0,14521,7638,31,11,17.0,16.84055,45,141,48,53,19.06,12.39,3.45,BALANCED,60600,18840,94,10,94.0,88,92,13.0,24.0,6.0,,,51,58,85,BALANCED,25140,0,4260,15120,5760,840,14.0,8.0,20.0,2,11.0,POSITIVE_LONG_AND_RECOVERING,POSITIVE_RESTFUL_DAY,STRESS_POS_EXCELLENT_OR_GOOD_SLEEP_VERY_RESTFUL_DAY
2025-11-11,2239.0,581.0,12814,9755,0,2,6.24409,7.62172,44,119,48,52,9.62,5.76,1.97,BALANCED,57600,22140,83,12,95.0,90,94,13.0,22.0,6.0,,,52,57,95,BALANCED,22440,5040,2820,16620,3000,1800,14.0,8.0,22.0,3,11.0,POSITIVE_RECOVERING,NONE,GENERAL_POS_FAIR_OR_POOR_SLEEP
2025-11-12,2239.0,674.0,14615,7420,37,1,7.7605,17.2418,51,117,54,52,31.73,10.41,2.45,STRESSFUL,65940,17340,61,5,94.0,88,94,13.0,23.0,7.0,,,52,49,78,BALANCED,16800,0,3720,12780,300,540,14.0,10.0,19.0,0,18.0,NEGATIVE_SHORT_AND_POOR_STRUCTURE,NONE,MOD_EXERCISE_NEG_FAIR_OR_POOR_SLEEP_INACTIVITY
2025-11-13,2221.0,250.0,9406,6186,0,0,9.0,13.63451,44,99,48,50,13.94,5.32,0.91,CALM,62520,21540,82,8,95.0,89,95,13.0,22.0,6.0,195.7,,53,55,83,BALANCED,25380,0,1260,21060,3060,120,14.0,10.0,20.0,0,14.0,NEGATIVE_LONG_BUT_LIGHT,NONE,STRESS_NEG_FAIR_OR_POOR_SLEEP_STRESSFUL_DAY_POOR_HISTORY
2025-11-14,2221.0,365.0,13327,8803,0,1,10.26345,12.46719,39,98,49,50,18.33,7.67,1.95,BALANCED,61740,22080,92,23,95.0,90,94,13.0,20.0,6.0,,,56,60,82,BALANCED,20700,0,4620,12180,3900,180,13.0,10.0,18.0,0,11.0,POSITIVE_DEEP,POSITIVE_RESTFUL_DAY,STRESS_POS_FAIR_OR_POOR_SLEEP_RESTFUL_DAY
2025-11-15,2221.0,219.0,8038,3630,0,0,7.41831,10.93077,44,101,46,49,16.35,6.2,1.08,BALANCED,69720,11940,100,35,95.0,87,98,13.0,22.0,6.0,,,56,60,82,BALANCED,10980,0,3240,7740,0,360,13.0,10.0,17.0,0,12.0,NEGATIVE_SHORT_AND_POOR_STRUCTURE,NONE,GENERAL_NEG_FAIR_OR_POOR_SLEEP
2025-11-16,2210.0,1004.0,5068,2755,0,0,3.22113,5.86122,44,110,47,49,14.93,7.99,3.15,BALANCED,49320,34740,100,31,96.0,90,99,13.0,22.0,7.0,193.7,,56,56,90,BALANCED,33300,0,2340,27060,3900,2160,13.0,9.0,19.0,1,16.0,POSITIVE_LONG_AND_RECOVERING,NONE,GENERAL_POS_FAIR_OR_POOR_SLEEP
2025-11-17,2224.0,821.0,15610,8383,2,32,10.46391,5.24311,47,173,53,49,27.48,5.8,1.4,BALANCED,53460,26520,59,25,95.0,89,96,13.0,22.0,7.0,196.1,12.0,54,41,71,BALANCED,21840,0,1800,16380,3660,840,14.0,11.0,20.0,1,34.0,NEGATIVE_NOT_RESTORATIVE,NONE,STRESS_NEG_GOOD_OR_FAIR_SLEEP_STRESSFUL_EVENING
2025-11-18,2224.0,759.0,16392,5597,13,30,31.76345,22.76345,44,144,47,49,11.82,4.22,0.56,CALM,60720,18840,97,25,95.0,89,97,13.0,22.0,6.0,,,54,58,85,BALANCED,22740,0,3600,14520,4620,0,13.0,7.0,21.0,0,12.0,POSITIVE_CONTINUOUS,NONE,STRESS_POS_FAIR_OR_POOR_SLEEP_RESTFUL_DAY
2025-11-19,2206.0,476.0,13527,6073,0,2,12.5082,10.38419,43,108,45,48,20.45,11.21,1.9,BALANCED,61920,21540,99,20,96.0,91,93,13.0,21.0,7.0,193.1,13.0,56,62,93,BALANCED,26760,0,5040,17100,4620,780,13.0,8.0,16.0,1,9.0,POSITIVE_LONG_AND_RECOVERING,NONE,MOD_EXERCISE_POS_EXCELLENT_OR_GOOD_SLEEP_MODERATE_DURING_DAY
2025-11-20,2206.0,594.0,13455,6197,45,4,19.49639,17.32743,43,131,48,48,20.51,7.3,1.18,BALANCED,64320,18660,78,20,95.0,90,93,13.0,22.0,7.0,,,55,53,83,BALANCED,20760,2340,3060,15240,2460,120,13.0,8.0,19.0,0,15.0,POSITIVE_CONTINUOUS,NONE,GENERAL_POS_FAIR_OR_POOR_SLEEP
2025-11-21,2206.0,281.0,10572,3630,9,0,6.59482,12.73294,43,104,45,47,11.05,3.78,2.31,BALANCED,53220,21600,94,23,95.0,86,97,13.0,22.0,7.0,,,55,60,84,BALANCED,25200,0,2460,17580,5160,1260,13.0,9.0,20.0,2,14.0,POSITIVE_RECOVERING,POSITIVE_RESTFUL_EVENING,STRESS_POS_FAIR_OR_POOR_SLEEP_RESTFUL_DAY
2025-11-22,2224.0,857.0,15300,7307,32,24,21.38189,11.40617,46,155,49,48,27.91,8.91,3.48,STRESSFUL,54120,29520,69,11,95.0,88,96,12.0,21.0,6.0,196.1,12.0,53,44,73,BALANCED,27600,0,2940,20160,4500,1920,14.0,9.0,20.0,2,21.0,POSITIVE_LONG_AND_CALM,POSITIVE_LATE_BED_TIME,STRESS_POS_FAIR_OR_POOR_SLEEP_RESTFUL_DAY
2025-11-23,2230.0,207.0,7669,3021,0,0,12.37598,6.25886,45,104,47,48,19.4,3.91,0.63,BALANCED,62040,22080,67,14,95.0,90,94,14.0,22.0,6.0,197.3,15.0,51,45,75,BALANCED,21780,0,3060,16440,2280,300,15.0,11.0,21.0,0,19.0,NEGATIVE_NOT_ENOUGH_REM,NONE,STRESS_NEG_GOOD_OR_FAIR_SLEEP_STRESSFUL_EVENING
2025-11-24,2230.0,1224.0,13430,6101,34,57,11.31857,8.46555,43,161,45,47,10.38,10.24,6.5,BALANCED,46740,30360,100,19,96.0,90,97,13.0,21.0,6.0,,,54,61,101,BALANCED,28140,0,3120,18300,6720,300,13.0,8.0,17.0,0,9.0,POSITIVE_HIGHLY_RECOVERING,NONE,STRESS_POS_EXCELLENT_OR_GOOD_SLEEP_VERY_RESTFUL_DAY
2025-11-25,2221.0,1267.0,11670,7045,54,36,21.1939,11.61909,44,180,48,47,14.65,7.75,3.35,BALANCED,43620,31140,88,14,95.0,87,96,13.0,21.0,7.0,195.8,15.0,53,49,72,BALANCED,29040,0,2100,21000,5940,1380,14.0,8.0,20.0,1,18.0,POSITIVE_LONG_AND_CONTINUOUS,POSITIVE_EXERCISE,MOD_EXERCISE_POS_EXCELLENT_OR_GOOD_SLEEP_VIGOROUS_DURING_DAY
2025-11-26,2221.0,586.0,14771,6515,0,1,12.25098,15.46555,48,107,51,48,25.68,17.75,4.11,STRESSFUL,65580,18840,58,5,95.0,89,91,13.0,21.0,7.0,,,50,44,70,BALANCED,21120,0,3000,15480,2640,1080,14.0,9.0,20.0,1,22.0,POSITIVE_CONTINUOUS,POSITIVE_EXERCISE,GENERAL_POS_FAIR_OR_POOR_SLEEP
2025-11-27,2230.0,256.0,10676,2677,0,0,13.78707,9.76017,43,101,48,48,13.9,3.06,0.35,CALM,58080,21600,87,10,94.0,89,93,13.0,26.0,7.0,197.4,14.0,51,61,83,BALANCED,23940,0,3960,18120,1860,720,13.0,10.0,16.0,1,8.0,NEGATIVE_NOT_ENOUGH_REM,NEGATIVE_STRESSFUL_DAY,STRESS_NEG_FAIR_OR_POOR_SLEEP_STRESSFUL_DAY_INACTIVE
2025-11-28,2230.0,855.0,16602,12333,22,6,11.72277,19.58563,45,137,46,48,16.68,14.73,5.07,BALANCED,68280,15840,96,5,95.0,85,95,12.0,23.0,7.0,,,52,62,85,BALANCED,21660,0,5100,13380,3180,0,13.0,9.0,20.0,0,9.0,POSITIVE_RECOVERING,POSITIVE_RESTFUL_EVENING,STRESS_POS_FAIR_OR_POOR_SLEEP_RESTFUL_DAY
2025-11-29,2230.0,226.0,7734,6592,0,0,4.0,4.65322,45,100,48,48,12.71,3.55,0.99,BALANCED,62580,20940,86,9,94.0,85,100,13.0,21.0,5.0,,,54,61,111,BALANCED,20820,0,2460,14040,4320,180,13.0,10.0,20.0,0,19.0,POSITIVE_CONTINUOUS,NONE,GENERAL_POS_FAIR_OR_POOR_SLEEP
2025-11-30,2230.0,1130.0,14993,6920,18,49,82.66109,89.36942,46,164,48,48,19.04,7.45,3.16,BALANCED,46140,30660,100,24,96.0,88,93,15.0,22.0,7.0,,,56,57,87,BALANCED,30000,0,2640,20460,6900,720,14.0,8.0,20.0,2,17.0,POSITIVE_LONG_AND_REFRESHING,NONE,STRESS_POS_EXCELLENT_OR_GOOD_SLEEP_RESTFUL_DAY
2025-12-01,2230.0,375.0,8474,4568,0,3,9.55643,4.08497,48,116,50,48,27.96,11.05,3.61,BALANCED,61320,16800,49,14,95.0,87,95,14.0,23.0,7.0,,,52,38,65,BALANCED,17760,1380,3240,13200,1320,1440,15.0,9.0,19.0,2,23.0,NEGATIVE_SHORT_AND_NONRECOVERING,NEGATIVE_STRESSFUL_DAY,STRESS_NEG_GOOD_OR_WORSE_SLEEP_STRESSFUL_DAY
2025-12-02,2230.0,1.0,11,60,0,0,0.0,0.0,49,68,51,49,0.69,0.0,0.0,UNKNOWN,4860,0,42,27,95.0,87,97,14.0,20.0,9.0,,,,,,,,,,,,,,,,,,,,
2025-12-03,2230.0,7.0,128,30,0,0,0.0,0.69948,,,,,0.0,0.0,0.0,UNKNOWN,0,0,,,,,,,,,,,55,,,BALANCED,,,,,,,,,,,,,,
2025-12-04,2230.0,0.0,,0,0,0,0.0,0.0,,,,,0.0,0.0,0.0,UNKNOWN,0,0,,,,,,,,,,,53,,,BALANCED,,,,,,,,,,,,,,
2025-12-05,2230.0,0.0,,0,0,0,0.0,0.0,,,,,0.0,0.0,0.0,UNKNOWN,0,0,,,,,,,,,,,,,,,,,,,,,,,,,,,,
2025-12-06,2230.0,106.0,,0,0,0,0.0,0.0,,,,,0.0,0.0,0.0,UNKNOWN,0,0,,,,,,,,,,,,,,,,,,,,,,,,,,,,
2025-12-07,2230.0,2161.0,4494,3451,0,0,2.0,1.78445,48,101,55,52,6.74,1.81,0.62,UNKNOWN,27720,0,39,24,97.0,93,98,11.0,11.0,11.0,,,,,,,,,,,,,,,,,,,,
2025-12-08,2230.0,633.0,11244,9911,39,10,18.20472,10.7874,44,133,46,51,12.05,8.29,2.79,BALANCED,56520,26820,100,25,96.0,86,97,14.0,23.0,7.0,,,,56,99,NONE,28904,0,3480,20580,4860,0,,,,0,17.0,POSITIVE_LONG_AND_CONTINUOUS,POSITIVE_RESTFUL_EVENING,GENERAL_POS_EXCELLENT_OR_GOOD_SLEEP
2025-12-09,2217.0,799.0,12161,7797,3,31,8.70735,10.37205,43,177,47,49,23.77,6.19,1.76,BALANCED,45060,27360,86,17,95.0,87,94,13.0,25.0,6.0,195.2,14.0,,51,94,NONE,26700,0,3660,19800,3240,720,14.0,10.0,18.0,1,20.0,POSITIVE_LONG_AND_CONTINUOUS,NONE,MOD_EXERCISE_POS_FAIR_SLEEP_MOD_TO_VIG_DURING_DAY
2025-12-10,1939.0,273.0,9451,3168,0,1,2.06857,3.47375,46,97,50,50,29.9,12.36,1.59,BALANCED,59580,14220,48,11,95.0,91,97,14.0,22.0,6.0,,,,39,55,NONE,13860,0,2700,9840,1320,360,14.0,10.0,21.0,0,27.0,NEGATIVE_SHORT_AND_NONRECOVERING,NEGATIVE_LATE_BED_TIME,STRESS_NEG_POOR_SLEEP_STRESSFUL_EVENING
2025-12-11,2217.0,359.0,9375,3277,0,2,10.13156,3.67749,46,121,48,49,19.78,4.35,0.77,BALANCED,47700,36360,99,12,95.0,87,95,13.0,21.0,6.0,,,52,63,97,BALANCED,35640,0,2040,26760,6840,780,14.0,9.0,20.0,1,13.0,NEGATIVE_LONG_BUT_LIGHT,NONE,MOD_EXERCISE_NEG_FAIR_OR_POOR_SLEEP_INACTIVITY
2025-12-12,2217.0,525.0,11380,4373,0,0,13.04921,3.24213,44,122,47,49,27.2,11.33,2.38,BALANCED,51540,32340,98,27,95.0,89,92,14.0,22.0,7.0,,,53,57,88,BALANCED,28140,0,2700,18240,7200,4260,14.0,8.0,21.0,3,17.0,NEGATIVE_LONG_BUT_DISCONTINUOUS,NONE,MOD_EXERCISE_NEG_FAIR_OR_POOR_SLEEP_INACTIVITY
2025-12-13,2217.0,1120.0,16781,6423,6,38,21.0,17.23261,44,179,49,49,19.0,9.89,2.31,BALANCED,44760,35220,85,29,94.0,86,93,13.0,24.0,7.0,,,51,45,72,BALANCED,37260,0,1740,25020,10500,3060,14.0,9.0,21.0,4,25.0,NEGATIVE_LONG_BUT_DISCONTINUOUS,NONE,MOD_EXERCISE_NEG_FAIR_OR_POOR_SLEEP_INACTIVITY
2025-12-14,2217.0,1034.0,15607,3988,29,28,12.47047,9.84154,45,150,48,48,15.1,7.2,2.05,BALANCED,53640,28800,100,33,94.0,89,92,13.0,22.0,6.0,,,52,56,78,BALANCED,28980,0,3240,18240,7500,120,14.0,9.0,17.0,0,12.0,POSITIVE_OPTIMAL_STRUCTURE,NONE,MOD_EXERCISE_POS_EXCELLENT_OR_GOOD_SLEEP_VIGOROUS_DURING_DAY_OUTDOOR
2025-12-15,2217.0,557.0,10927,7269,0,7,4.65289,11.18963,44,136,47,48,19.49,9.68,3.32,BALANCED,54120,28080,100,24,95.0,89,93,13.0,21.0,6.0,,,52,57,88,BALANCED,26795,0,2220,19200,5400,1380,14.0,9.0,20.0,3,12.0,POSITIVE_LONG_AND_RECOVERING,NONE,MOD_EXERCISE_POS_EXCELLENT_OR_GOOD_SLEEP_MODERATE_DURING_DAY
2025-12-16,2217.0,531.0,12720,4051,1,7,23.32415,11.5689,47,131,50,48,26.25,7.8,1.95,BALANCED,56520,26760,84,22,95.0,86,96,12.0,23.0,7.0,,,52,52,79,BALANCED,26160,0,1260,19560,5340,660,14.0,9.0,20.0,1,16.0,NEGATIVE_LONG_BUT_LIGHT,NONE,MOD_EXERCISE_NEG_FAIR_OR_POOR_SLEEP_INACTIVITY
2025-12-17,2217.0,446.0,13576,6418,0,0,12.45046,13.11778,43,114,45,48,15.53,10.31,2.99,BALANCED,61320,20760,98,21,94.0,85,97,13.0,21.0,7.0,,,54,53,70,BALANCED,20820,7020,3360,12420,5040,0,13.0,10.0,18.0,0,14.0,POSITIVE_REFRESHING,NONE,GENERAL_POS_FAIR_OR_POOR_SLEEP
2025-12-18,2480.0,203.0,7242,3914,0,0,20.35367,13.60663,44,103,47,48,9.03,3.77,0.99,CALM,34680,31920,83,20,94.0,87,95,13.0,21.0,7.0,193.0,,55,65,88,BALANCED,22440,0,2520,14820,5100,10020,13.0,8.0,18.0,2,12.0,NEGATIVE_DISCONTINUOUS,NONE,MOD_EXERCISE_NEG_FAIR_OR_POOR_SLEEP_INACTIVITY
2025-12-19,2205.0,1127.0,18434,11514,44,43,15.07382,5.85302,49,143,52,48,31.68,8.53,3.85,STRESSFUL,58920,24240,47,12,96.0,89,94,13.0,23.0,7.0,,,51,36,64,BALANCED,23160,0,3660,18900,600,1080,15.0,10.0,22.0,2,39.0,NEGATIVE_NOT_RESTORATIVE,NEGATIVE_LATE_BED_TIME,GENERAL_NEG_FAIR_OR_POOR_SLEEP
2025-12-20,2205.0,983.0,19592,8901,32,33,6.20965,15.72113,46,140,48,48,21.88,14.15,2.02,STRESSFUL,64440,18840,68,5,95.0,86,92,13.0,22.0,6.0,,,53,57,87,BALANCED,20400,0,1260,18240,900,120,14.0,10.0,21.0,0,17.0,NEGATIVE_NOT_ENOUGH_REM,NONE,GENERAL_NEG_FAIR_OR_POOR_SLEEP
2025-12-21,2205.0,890.0,14634,6371,9,56,6.79003,8.90289,46,166,48,48,19.11,5.93,1.26,BALANCED,47760,21960,71,5,94.0,88,97,14.0,24.0,6.0,196.9,,53,57,96,BALANCED,23760,4680,3600,18300,1860,1320,14.0,10.0,19.0,2,16.0,NEGATIVE_NOT_ENOUGH_REM,NONE,STRESS_NEG_FAIR_OR_POOR_SLEEP_STRESSFUL_DAY_POOR_HISTORY
2025-12-22,2227.0,1317.0,20498,10535,42,46,20.67717,19.02231,49,140,52,49,22.16,10.36,6.33,STRESSFUL,59580,18900,68,5,95.0,89,98,13.0,20.0,7.0,,,52,51,71,BALANCED,20640,0,1800,15720,3120,1680,14.0,9.0,18.0,1,17.0,POSITIVE_CONTINUOUS,NONE,STRESS_POS_FAIR_OR_POOR_SLEEP_RESTFUL_DAY
2025-12-23,2227.0,1122.0,17563,6071,8,43,5.59613,4.23294,44,182,50,49,12.54,11.06,6.91,BALANCED,56040,20460,66,5,96.0,88,94,13.0,23.0,7.0,,,52,53,87,BALANCED,21360,7320,3840,13860,3660,60,14.0,8.0,19.0,0,18.0,POSITIVE_CONTINUOUS,POSITIVE_EXERCISE,GENERAL_POS_FAIR_OR_POOR_SLEEP
2025-12-24,2227.0,1211.0,18832,6934,3,74,3.0,4.83858,46,159,51,50,22.17,10.84,5.24,BALANCED,47940,30360,58,5,95.0,86,94,13.0,24.0,7.0,,,52,49,76,BALANCED,29580,0,4260,21180,4140,780,14.0,8.0,20.0,0,35.0,NEGATIVE_LONG_BUT_NOT_RESTORATIVE,NONE,STRESS_NEG_GOOD_OR_FAIR_SLEEP_STRESSFUL_EVENING
2025-12-25,2208.0,228.0,7019,5078,0,0,4.41601,5.25098,46,103,47,50,22.6,10.33,3.44,BALANCED,61860,20220,73,8,95.0,86,96,13.0,20.0,7.0,193.4,23.1,50,52,84,BALANCED,22118,0,2460,17880,1800,180,14.0,11.0,19.0,0,16.0,NEGATIVE_NOT_ENOUGH_REM,NEGATIVE_LATE_BED_TIME,STRESS_NEG_GOOD_OR_FAIR_SLEEP_STRESSFUL_EVENING
2025-12-26,2208.0,1568.0,22779,9104,8,116,186.2336,187.27526,45,162,46,49,12.02,15.58,6.71,BALANCED,39540,35400,100,17,96.0,89,97,17.0,46.0,7.0,,,55,65,93,BALANCED,35280,0,2820,24060,8400,180,13.0,9.0,18.0,0,14.0,POSITIVE_LONG_AND_REFRESHING,NONE,STRESS_POS_EXCELLENT_OR_GOOD_SLEEP_RESTFUL_DAY
2025-12-27,2226.0,592.0,8947,4558,41,7,7.0,6.70472,47,136,51,49,21.78,9.81,1.74,BALANCED,54600,28920,61,12,95.0,90,95,13.0,22.0,7.0,196.6,14.0,53,45,81,BALANCED,28415,0,2040,22620,3780,540,14.0,10.0,22.0,0,25.0,POSITIVE_LONG_AND_CONTINUOUS,POSITIVE_LATE_BED_TIME,HARD_EXERCISE_POS_FAIR_SLEEP_HARD_TO_STRENUOUS_DURING_DAY_OUTDOOR
2025-12-28,2226.0,784.0,15630,8330,38,12,17.26903,17.37041,43,130,46,49,18.14,6.46,1.95,BALANCED,65520,18900,99,21,95.0,89,93,13.0,27.0,7.0,,,54,69,101,BALANCED,22980,0,2880,16080,4020,120,14.0,8.0,20.0,0,14.0,POSITIVE_CONTINUOUS,POSITIVE_RESTFUL_DAY,STRESS_POS_FAIR_OR_POOR_SLEEP_RESTFUL_DAY
2025-12-29,2208.0,777.0,15602,4875,5,30,9.52001,7.79659,44,172,45,48,12.69,3.43,1.6,CALM,57000,20640,94,28,95.0,87,93,13.0,24.0,6.0,193.4,13.0,56,64,118,BALANCED,24000,7020,3240,16860,3900,180,13.0,10.0,22.0,0,11.0,POSITIVE_RECOVERING,NONE,STRESS_POS_EXCELLENT_OR_GOOD_SLEEP_RESTFUL_EVENING
2025-12-30,2208.0,1148.0,16279,8208,52,26,8.4731,19.1332,43,168,45,47,8.21,5.35,1.53,BALANCED,51960,18840,100,20,95.0,89,95,12.0,20.0,6.0,,,57,62,103,BALANCED,26220,0,5100,15420,5700,300,13.0,8.0,21.0,0,11.0,POSITIVE_HIGHLY_RECOVERING,POSITIVE_EXERCISE,STRESS_POS_EXCELLENT_OR_GOOD_SLEEP_RESTFUL_DAY
2025-12-31,2208.0,448.0,15080,13388,0,0,8.0,4.57021,40,99,51,47,11.06,6.84,1.41,BALANCED_AWAKE,50760,0,82,14,94.0,87,93,11.0,19.0,7.0,,,59,,,BALANCED,,,,,,,,,,,,,,
2026-01-01,2202.0,852.0,10003,5931,42,31,9.0,12.31824,48,145,50,48,20.46,12.09,4.01,BALANCED,54300,28140,77,7,95.0,86,95,14.0,23.0,7.0,,,59,52,81,BALANCED,27480,0,3300,21780,2400,720,13.0,9.0,18.0,0,21.0,NEGATIVE_LONG_BUT_NOT_ENOUGH_REM,NEGATIVE_LATE_BED_TIME,RHYTHM_NEG_FAIR_SLEEP_REALLY_LATE_TIMING
2026-01-02,2202.0,1037.0,17880,9409,12,45,3.72999,3.20702,46,171,48,48,22.62,11.95,4.37,BALANCED,66720,14040,74,6,95.0,86,97,14.0,23.0,7.0,,,56,46,69,BALANCED,13820,8760,2820,9600,1440,180,14.0,10.0,18.0,0,24.0,NEGATIVE_SHORT_AND_NONRECOVERING,NONE,STRESS_NEG_GOOD_OR_WORSE_SLEEP_STRESSFUL_DAY
2026-01-03,2225.0,536.0,11738,7484,0,0,6.63517,4.90223,43,106,47,47,15.33,6.89,1.62,BALANCED,49560,34620,93,5,95.0,90,94,13.0,21.0,7.0,197.6,14.0,58,60,98,BALANCED,33180,0,2460,24120,6600,1560,13.0,9.0,18.0,2,14.0,POSITIVE_LONG_AND_RECOVERING,NONE,MOD_EXERCISE_POS_EXCELLENT_OR_GOOD_SLEEP_VIGOROUS_DURING_DAY
2026-01-04,2225.0,1287.0,19492,7481,32,80,199.76411,201.0853,41,175,44,47,7.14,4.97,2.8,CALM,36840,27840,100,30,96.0,89,99,13.0,24.0,7.0,,,58,69,106,BALANCED,31920,0,3000,24240,4680,1440,13.0,8.0,20.0,3,9.0,POSITIVE_LONG_AND_RECOVERING,NONE,GENERAL_POS_EXCELLENT_OR_GOOD_SLEEP
2026-01-05,2225.0,1308.0,21759,13566,37,37,9.2313,19.33661,44,148,46,47,18.51,12.27,6.66,STRESSFUL,63480,18360,91,5,96.0,87,97,12.0,21.0,6.0,,,59,66,93,BALANCED,19980,0,1980,14640,3360,3780,13.0,8.0,18.0,3,9.0,NEGATIVE_DISCONTINUOUS,NONE,GENERAL_NEG_FAIR_OR_POOR_SLEEP
2026-01-06,2225.0,809.0,14567,6461,5,33,72.29396,3.94521,45,163,47,48,14.11,5.08,0.92,BALANCED,60780,20580,67,5,96.0,90,98,13.0,20.0,7.0,,,60,69,100,BALANCED,22440,0,2520,17940,1980,780,13.0,10.0,18.0,1,18.0,NEGATIVE_NOT_ENOUGH_REM,NEGATIVE_STRESSFUL_DAY,STRESS_NEG_GOOD_OR_WORSE_SLEEP_STRESSFUL_DAY
2026-01-07,2225.0,914.0,16296,9035,37,11,16.19029,20.41962,43,142,44,47,21.02,11.31,4.67,BALANCED,58080,21300,100,13,96.0,83,95,12.0,21.0,6.0,,,61,68,96,BALANCED,30180,0,3960,18660,7560,180,13.0,9.0,16.0,0,14.0,POSITIVE_OPTIMAL_STRUCTURE,NONE,MOD_EXERCISE_POS_EXCELLENT_OR_GOOD_SLEEP_VIGOROUS_DURING_DAY
2026-01-08,2225.0,264.0,9461,5297,0,0,6.0,5.42881,43,95,45,46,15.93,7.52,2.14,BALANCED,58320,20580,76,16,95.0,87,95,13.0,22.0,5.0,,,63,65,86,BALANCED,22380,4980,2640,16440,3300,960,13.0,10.0,16.0,1,18.0,POSITIVE_CALM,POSITIVE_EXERCISE,GENERAL_POS_FAIR_OR_POOR_SLEEP
2026-01-09,2225.0,308.0,8532,6540,0,0,2.0,0.98556,42,102,44,45,24.6,11.49,3.22,BALANCED,54480,30180,90,14,96.0,89,98,13.0,21.0,7.0,,,65,62,97,BALANCED,30000,0,4560,18420,7020,180,13.0,7.0,19.0,0,15.0,POSITIVE_OPTIMAL_STRUCTURE,POSITIVE_LATE_BED_TIME,STRESS_POS_EXCELLENT_OR_GOOD_SLEEP_RESTFUL_DAY
2026-01-10,2225.0,220.0,8083,3924,0,0,9.0,7.44357,44,98,46,45,34.33,7.52,1.18,BALANCED,59940,23400,67,17,95.0,83,95,12.0,20.0,5.0,,,64,51,86,BALANCED,22200,0,3840,16740,1620,1200,13.0,10.0,18.0,1,20.0,NEGATIVE_NOT_ENOUGH_REM,NONE,STRESS_NEG_GOOD_OR_FAIR_SLEEP_STRESSFUL_EVENING
2026-01-11,2225.0,842.0,10998,4844,13,42,9.59678,5.42421,44,185,46,45,13.67,3.36,0.8,UNKNOWN,22560,29460,98,24,96.0,87,92,16.0,50.0,7.0,,,63,61,90,BALANCED,31980,0,3840,19860,8280,180,13.0,10.0,18.0,0,15.0,POSITIVE_OPTIMAL_STRUCTURE,POSITIVE_LATE_BED_TIME,STRESS_POS_EXCELLENT_OR_GOOD_SLEEP_RESTFUL_DAY
2026-01-12,2225.0,377.0,10222,8856,0,1,12.0,8.58596,45,101,48,46,33.1,13.79,2.13,STRESSFUL,52200,15240,82,24,96.0,89,97,12.0,21.0,6.0,,,60,47,80,BALANCED,17460,0,2940,11760,2760,960,13.0,9.0,20.0,1,21.0,POSITIVE_SHORT_BUT_DEEP,POSITIVE_LATE_BED_TIME,HARD_EXERCISE_POS_FAIR_SLEEP_HARD_TO_STRENUOUS_DURING_DAY
2026-01-13,2225.0,808.0,15703,9512,3,15,7.10236,13.61877,45,168,47,46,28.13,10.65,4.13,STRESSFUL,57720,18780,68,7,96.0,89,96,14.0,37.0,7.0,,,58,53,81,BALANCED,22080,0,2940,15960,3180,720,14.0,8.0,19.0,1,21.0,POSITIVE_CONTINUOUS,NONE,GENERAL_POS_FAIR_OR_POOR_SLEEP
2026-01-14,2225.0,572.0,9985,6316,23,5,10.0,6.61745,47,145,49,46,26.78,12.23,1.63,BALANCED,62280,21000,69,9,95.0,88,95,13.0,21.0,6.0,,,57,61,81,BALANCED,21000,0,2280,14820,3900,120,13.0,9.0,18.0,0,19.0,POSITIVE_CONTINUOUS,NONE,GENERAL_POS_FAIR_OR_POOR_SLEEP
2026-01-15,2225.0,688.0,14918,8816,0,1,5.0,14.30249,45,111,48,47,23.37,13.31,5.35,STRESSFUL,62580,18840,70,5,95.0,90,99,13.0,22.0,6.0,,,57,63,93,BALANCED,21180,2400,2700,15180,3300,300,14.0,10.0,21.0,0,19.0,POSITIVE_CONTINUOUS,NONE,MOD_EXERCISE_POS_FAIR_SLEEP_MOD_TO_VIG_DURING_DAY_OUTDOOR
2026-01-16,2209.0,319.0,10108,8473,0,1,5.65125,8.58268,45,106,48,47,16.78,9.68,2.73,BALANCED,57300,21420,77,10,95.0,85,96,13.0,22.0,6.0,194.6,15.0,58,70,101,BALANCED,24240,6000,3000,18060,3180,2040,14.0,10.0,18.0,1,17.0,POSITIVE_RECOVERING,NONE,GENERAL_POS_FAIR_OR_POOR_SLEEP
2026-01-17,2209.0,802.0,11727,5436,7,45,9.0,4.83038,45,181,48,48,23.14,21.33,5.53,STRESSFUL,46500,22920,69,9,95.0,88,98,15.0,46.0,7.0,,,57,47,81,BALANCED,26079,0,1680,19560,4860,720,14.0,9.0,22.0,0,23.0,POSITIVE_LONG_AND_CONTINUOUS,POSITIVE_LATE_BED_TIME,STRESS_POS_FAIR_OR_POOR_SLEEP_RESTFUL_DAY
2026-01-18,2209.0,365.0,10910,5670,0,1,11.08136,11.00328,45,104,48,48,18.96,6.52,1.9,BALANCED,46680,30720,84,5,96.0,90,98,12.0,23.0,7.0,,,57,63,95,BALANCED,30780,0,2040,21000,7740,0,13.0,10.0,18.0,0,15.0,POSITIVE_LONG_AND_REFRESHING,NONE,MOD_EXERCISE_POS_EXCELLENT_OR_GOOD_SLEEP_VIGOROUS_DURING_DAY
2026-01-19,2209.0,1471.0,23864,9908,12,97,163.40584,161.10696,46,167,48,48,26.76,11.27,3.31,STRESSFUL,49860,24360,73,10,96.0,91,97,16.0,44.0,7.0,,,58,51,92,BALANCED,23280,0,1800,16980,4500,2220,13.0,9.0,18.0,2,21.0,POSITIVE_REFRESHING,NONE,GENERAL_POS_FAIR_OR_POOR_SLEEP
2026-01-20,2211.0,178.0,5792,3537,0,0,1.74902,1.98917,43,104,47,48,27.24,5.19,1.01,BALANCED,55020,15000,48,5,96.0,91,94,12.0,20.0,7.0,195.2,14.0,56,40,81,BALANCED,19340,0,3840,15180,360,120,14.0,11.0,19.0,0,29.0,NEGATIVE_NOT_ENOUGH_REM,NEGATIVE_STRENUOUS_EXERCISE,HARD_EXERCISE_NEG_FAIR_OR_POOR_SLEEP_HARD_DURING_DAY
2026-01-21,2211.0,1419.0,18977,12859,38,57,6.76444,13.82874,42,182,44,47,19.64,16.7,6.71,STRESSFUL,59520,18780,100,5,95.0,85,94,16.0,45.0,7.0,,,57,75,115,BALANCED,27480,0,3720,19320,4440,0,13.0,10.0,16.0,0,7.0,POSITIVE_LONG_AND_RECOVERING,NONE,STRESS_POS_EXCELLENT_OR_GOOD_SLEEP_VERY_RESTFUL_DAY
2026-01-22,2211.0,218.0,8975,5263,0,0,3.05479,3.9416,45,108,47,47,17.31,5.87,0.5,BALANCED,54540,21540,52,5,95.0,80,96,13.0,19.0,5.0,192.8,12.0,56,55,83,BALANCED,22680,4380,1560,18960,2160,1020,13.0,10.0,19.0,1,23.0,NEGATIVE_NOT_ENOUGH_REM,NEGATIVE_STRESSFUL_DAY,STRESS_NEG_GOOD_OR_WORSE_SLEEP_STRESSFUL_DAY
2026-01-23,2199.0,599.0,13044,9011,0,3,8.19849,16.76115,47,125,48,47,25.32,9.9,6.44,BALANCED,64020,18840,88,7,96.0,86,89,14.0,20.0,8.0,,,55,59,89,BALANCED,22260,0,2760,15060,4440,120,13.0,9.0,16.0,0,15.0,POSITIVE_CONTINUOUS,NONE,STRESS_POS_FAIR_OR_POOR_SLEEP_RESTFUL_DAY
2026-01-24,2199.0,582.0,10174,6662,32,4,9.78871,13.83891,47,126,48,47,16.23,7.94,1.77,BALANCED,53580,21540,78,13,96.0,88,98,13.0,22.0,7.0,,,57,65,92,BALANCED,27240,5040,3780,18420,5040,60,14.0,9.0,20.0,0,19.0,POSITIVE_LONG_AND_CONTINUOUS,POSITIVE_RESTFUL_EVENING,GENERAL_POS_EXCELLENT_OR_GOOD_SLEEP
2026-01-25,2199.0,1220.0,18852,10148,14,69,189.19915,190.11385,46,164,48,47,26.11,9.75,3.97,BALANCED,54840,22740,76,8,96.0,89,94,16.0,44.0,7.0,,,57,62,104,BALANCED,22560,0,720,16920,4920,180,13.0,9.0,18.0,0,18.0,NEGATIVE_LIGHT,NEGATIVE_LATE_BED_TIME,STRESS_NEG_GOOD_OR_FAIR_SLEEP_STRESSFUL_EVENING
2026-01-26,2199.0,161.0,7268,4438,0,0,4.76575,4.34777,41,99,48,47,27.29,8.93,1.42,BALANCED,57900,24300,53,11,93.0,86,94,12.0,24.0,7.0,,,55,41,79,BALANCED,21000,0,2940,15900,2160,3420,14.0,9.0,22.0,1,29.0,NEGATIVE_NOT_RESTORATIVE,NONE,STRESS_NEG_GOOD_OR_WORSE_SLEEP_STRESSFUL_DAY
2026-01-27,2199.0,483.0,14814,8068,0,1,6.69259,3.63091,41,102,45,47,18.75,6.48,1.53,BALANCED,68640,15540,81,14,94.0,81,96,12.0,22.0,7.0,192.4,12.0,58,56,86,BALANCED,15540,0,3600,8400,3540,0,13.0,9.0,20.0,0,15.0,POSITIVE_SHORT_BUT_DEEP,POSITIVE_LATE_BED_TIME,STRESS_POS_FAIR_OR_POOR_SLEEP_RESTFUL_DAY
2026-01-28,2197.0,190.0,8519,5171,0,0,2.51936,6.34908,44,97,46,47,14.21,3.66,0.07,CALM,61620,20340,88,19,94.0,89,95,12.0,20.0,6.0,,,58,71,109,BALANCED,22440,0,3420,14940,4080,540,12.0,7.0,18.0,1,12.0,POSITIVE_RECOVERING,NONE,STRESS_POS_FAIR_OR_POOR_SLEEP_RESTFUL_EVENING
2026-01-29,2197.0,509.0,14312,7968,0,5,8.30873,9.54364,41,119,41,46,18.9,9.49,2.25,BALANCED,54360,27840,100,20,94.0,84,95,12.0,24.0,5.0,,,60,69,101,BALANCED,31080,0,5340,16800,8940,120,12.0,9.0,17.0,0,11.0,POSITIVE_OPTIMAL_STRUCTURE,POSITIVE_RESTFUL_EVENING,STRESS_POS_EXCELLENT_OR_GOOD_SLEEP_VERY_RESTFUL_DAY
2026-01-30,2197.0,696.0,16458,7721,5,27,9.14173,2.94488,43,175,44,46,19.49,8.25,3.07,BALANCED,58080,21480,85,13,94.0,86,96,13.0,21.0,6.0,,,62,74,113,BALANCED,22259,0,1500,16560,4200,480,12.0,8.0,17.0,0,12.0,POSITIVE_RECOVERING,NONE,GENERAL_POS_FAIR_OR_POOR_SLEEP
2026-01-31,527.0,28.0,840,780,0,0,0.0,0.69915,43,83,45,45,7.56,6.1,0.0,UNKNOWN,1860,18780,73,16,97.0,92,97,15.0,22.0,7.0,,,62,64,89,BALANCED,21360,0,3300,14280,3780,900,13.0,8.0,21.0,1,16.0,POSITIVE_CONTINUOUS,NONE,GENERAL_POS_FAIR_OR_POOR_SLEEP
