workout_id,workout_title,workout_date,workout_start_time,workout_end_time,workout_duration_minutes,exercise_title,exercise_notes,exercise_template_id,exercise_template_type,superset_id,set_index,set_type,weight_kg,weight_lbs,reps,distance_meters,duration_seconds,rpe,workout_notes
9b9c9e29-5026-42f2-b0b4-d0d6aab29a20,Bench and balance,2026-01-25,2026-01-25T01:47:58+00:00,2026-01-25T02:32:32+00:00,44.6,Dead Hang,,,,,0,normal,,,,,70,,
9b9c9e29-5026-42f2-b0b4-d0d6aab29a20,Bench and balance,2026-01-25,2026-01-25T01:47:58+00:00,2026-01-25T02:32:32+00:00,44.6,Bench Press (Barbell),,,,,0,normal,61.235042773811365,135.0,8,,,,
9b9c9e29-5026-42f2-b0b4-d0d6aab29a20,Bench and balance,2026-01-25,2026-01-25T01:47:58+00:00,2026-01-25T02:32:32+00:00,44.6,Bench Press (Barbell),,,,,1,normal,83.91468824559335,185.0,6,,,,
9b9c9e29-5026-42f2-b0b4-d0d6aab29a20,Bench and balance,2026-01-25,2026-01-25T01:47:58+00:00,2026-01-25T02:32:32+00:00,44.6,Bench Press (Barbell),,,,,2,normal,92.98654643430615,205.0,4,,,,
9b9c9e29-5026-42f2-b0b4-d0d6aab29a20,Bench and balance,2026-01-25,2026-01-25T01:47:58+00:00,2026-01-25T02:32:32+00:00,44.6,Bench Press (Barbell),,,,,3,normal,102.05840462301894,225.0,1,,,,
9b9c9e29-5026-42f2-b0b4-d0d6aab29a20,Bench and balance,2026-01-25,2026-01-25T01:47:58+00:00,2026-01-25T02:32:32+00:00,44.6,Bench Press (Barbell),,,,,4,normal,83.91468824559335,185.0,6,,,,
9b9c9e29-5026-42f2-b0b4-d0d6aab29a20,Bench and balance,2026-01-25,2026-01-25T01:47:58+00:00,2026-01-25T02:32:32+00:00,44.6,Single Leg Romanian Deadlift (Barbell),,,,,0,normal,20.41168092460379,45.0,6,,,,
9b9c9e29-5026-42f2-b0b4-d0d6aab29a20,Bench and balance,2026-01-25,2026-01-25T01:47:58+00:00,2026-01-25T02:32:32+00:00,44.6,Single Leg Romanian Deadlift (Barbell),,,,,1,normal,20.41168092460379,45.0,5,,,,
9b9c9e29-5026-42f2-b0b4-d0d6aab29a20,Bench and balance,2026-01-25,2026-01-25T01:47:58+00:00,2026-01-25T02:32:32+00:00,44.6,Single Leg Romanian Deadlift (Barbell),,,,,2,normal,20.41168092460379,45.0,6,,,,
9b9c9e29-5026-42f2-b0b4-d0d6aab29a20,Bench and balance,2026-01-25,2026-01-25T01:47:58+00:00,2026-01-25T02:32:32+00:00,44.6,Plank,Copenhagne knee on bench,,,,0,normal,,,,,30,,
9b9c9e29-5026-42f2-b0b4-d0d6aab29a20,Bench and balance,2026-01-25,2026-01-25T01:47:58+00:00,2026-01-25T02:32:32+00:00,44.6,Plank,Copenhagne knee on bench,,,,1,normal,,,,,30,,
9b9c9e29-5026-42f2-b0b4-d0d6aab29a20,Bench and balance,2026-01-25,2026-01-25T01:47:58+00:00,2026-01-25T02:32:32+00:00,44.6,Plank,Copenhagne knee on bench,,,,2,normal,,,,,30,,
9b9c9e29-5026-42f2-b0b4-d0d6aab29a20,Bench and balance,2026-01-25,2026-01-25T01:47:58+00:00,2026-01-25T02:32:32+00:00,44.6,Triceps Rope Pushdown,,,,,0,normal,40.82336184920758,90.0,15,,,,
9b9c9e29-5026-42f2-b0b4-d0d6aab29a20,Bench and balance,2026-01-25,2026-01-25T01:47:58+00:00,2026-01-25T02:32:32+00:00,44.6,Triceps Rope Pushdown,,,,,1,normal,45.35929094356398,100.0,15,,,,
9b9c9e29-5026-42f2-b0b4-d0d6aab29a20,Bench and balance,2026-01-25,2026-01-25T01:47:58+00:00,2026-01-25T02:32:32+00:00,44.6,Triceps Rope Pushdown,,,,,2,normal,49.895220037920375,110.0,15,,,,
9b9c9e29-5026-42f2-b0b4-d0d6aab29a20,Bench and balance,2026-01-25,2026-01-25T01:47:58+00:00,2026-01-25T02:32:32+00:00,44.6,Face Pull,,,,,0,normal,27.215574566138386,60.0,15,,,,
9b9c9e29-5026-42f2-b0b4-d0d6aab29a20,Bench and balance,2026-01-25,2026-01-25T01:47:58+00:00,2026-01-25T02:32:32+00:00,44.6,Face Pull,,,,,1,normal,27.215574566138386,60.0,15,,,,
9b9c9e29-5026-42f2-b0b4-d0d6aab29a20,Bench and balance,2026-01-25,2026-01-25T01:47:58+00:00,2026-01-25T02:32:32+00:00,44.6,Face Pull,,,,,2,normal,31.75150366049478,70.0,15,,,,
782e0129-1fa8-4dc7-8208-c5dd3cd517db,Squat and stability,2026-01-22,2026-01-22T00:46:15+00:00,2026-01-22T01:45:41+00:00,59.4,Dead Hang,,,,,0,normal,,,,,60,,
782e0129-1fa8-4dc7-8208-c5dd3cd517db,Squat and stability,2026-01-22,2026-01-22T00:46:15+00:00,2026-01-22T01:45:41+00:00,59.4,Squat (Barbell),,,,,0,normal,83.91468824559335,185.0,5,,,,
782e0129-1fa8-4dc7-8208-c5dd3cd517db,Squat and stability,2026-01-22,2026-01-22T00:46:15+00:00,2026-01-22T01:45:41+00:00,59.4,Squat (Barbell),,,,,1,normal,83.91468824559335,185.0,5,,,,
782e0129-1fa8-4dc7-8208-c5dd3cd517db,Squat and stability,2026-01-22,2026-01-22T00:46:15+00:00,2026-01-22T01:45:41+00:00,59.4,Squat (Barbell),,,,,2,normal,83.91468824559335,185.0,5,,,,
782e0129-1fa8-4dc7-8208-c5dd3cd517db,Squat and stability,2026-01-22,2026-01-22T00:46:15+00:00,2026-01-22T01:45:41+00:00,59.4,Bulgarian Split Squat,,,,,0,normal,20.41168092460379,45.0,6,,,,
782e0129-1fa8-4dc7-8208-c5dd3cd517db,Squat and stability,2026-01-22,2026-01-22T00:46:15+00:00,2026-01-22T01:45:41+00:00,59.4,Bulgarian Split Squat,,,,,1,normal,20.41168092460379,45.0,6,,,,
782e0129-1fa8-4dc7-8208-c5dd3cd517db,Squat and stability,2026-01-22,2026-01-22T00:46:15+00:00,2026-01-22T01:45:41+00:00,59.4,Bulgarian Split Squat,,,,,2,normal,20.41168092460379,45.0,6,,,,
782e0129-1fa8-4dc7-8208-c5dd3cd517db,Squat and stability,2026-01-22,2026-01-22T00:46:15+00:00,2026-01-22T01:45:41+00:00,59.4,Calf Press (Machine),,,,,0,normal,163.29344739683032,360.0,20,,,,
782e0129-1fa8-4dc7-8208-c5dd3cd517db,Squat and stability,2026-01-22,2026-01-22T00:46:15+00:00,2026-01-22T01:45:41+00:00,59.4,Calf Press (Machine),,,,,1,normal,163.29344739683032,360.0,20,,,,
782e0129-1fa8-4dc7-8208-c5dd3cd517db,Squat and stability,2026-01-22,2026-01-22T00:46:15+00:00,2026-01-22T01:45:41+00:00,59.4,Calf Press (Machine),,,,,2,normal,163.29344739683032,360.0,20,,,,
782e0129-1fa8-4dc7-8208-c5dd3cd517db,Squat and stability,2026-01-22,2026-01-22T00:46:15+00:00,2026-01-22T01:45:41+00:00,59.4,Lateral Raise (Dumbbell),,,,,0,normal,5.669911367945497,12.5,15,,,,
782e0129-1fa8-4dc7-8208-c5dd3cd517db,Squat and stability,2026-01-22,2026-01-22T00:46:15+00:00,2026-01-22T01:45:41+00:00,59.4,Lateral Raise (Dumbbell),,,,,1,normal,5.669911367945497,12.5,15,,,,
782e0129-1fa8-4dc7-8208-c5dd3cd517db,Squat and stability,2026-01-22,2026-01-22T00:46:15+00:00,2026-01-22T01:45:41+00:00,59.4,Lateral Raise (Dumbbell),,,,,2,normal,5.669911367945497,12.5,15,,,,
782e0129-1fa8-4dc7-8208-c5dd3cd517db,Squat and stability,2026-01-22,2026-01-22T00:46:15+00:00,2026-01-22T01:45:41+00:00,59.4,Hammer Curl (Dumbbell),,,,,0,normal,15.87575183024739,35.0,10,,,,
782e0129-1fa8-4dc7-8208-c5dd3cd517db,Squat and stability,2026-01-22,2026-01-22T00:46:15+00:00,2026-01-22T01:45:41+00:00,59.4,Hammer Curl (Dumbbell),,,,,1,normal,15.87575183024739,35.0,10,,,,
782e0129-1fa8-4dc7-8208-c5dd3cd517db,Squat and stability,2026-01-22,2026-01-22T00:46:15+00:00,2026-01-22T01:45:41+00:00,59.4,Hammer Curl (Dumbbell),,,,,2,normal,15.87575183024739,35.0,10,,,,
782e0129-1fa8-4dc7-8208-c5dd3cd517db,Squat and stability,2026-01-22,2026-01-22T00:46:15+00:00,2026-01-22T01:45:41+00:00,59.4,Wall Sit,,,,,0,normal,,,,,45,,
782e0129-1fa8-4dc7-8208-c5dd3cd517db,Squat and stability,2026-01-22,2026-01-22T00:46:15+00:00,2026-01-22T01:45:41+00:00,59.4,Wall Sit,,,,,1,normal,,,,,45,,
cb5320ee-6574-4d21-a755-619314a07fe0,OHP Strength & Tricep Horseshoe,2026-01-14,2026-01-14T00:21:08+00:00,2026-01-14T01:20:45+00:00,59.6,Air Bike,,,,,0,normal,,,,,300,,
cb5320ee-6574-4d21-a755-619314a07fe0,OHP Strength & Tricep Horseshoe,2026-01-14,2026-01-14T00:21:08+00:00,2026-01-14T01:20:45+00:00,59.6,Warm Up,,,,,0,normal,,,,,120,,
cb5320ee-6574-4d21-a755-619314a07fe0,OHP Strength & Tricep Horseshoe,2026-01-14,2026-01-14T00:21:08+00:00,2026-01-14T01:20:45+00:00,59.6,Dead Hang,,,,,0,normal,,,,,99,,
cb5320ee-6574-4d21-a755-619314a07fe0,OHP Strength & Tricep Horseshoe,2026-01-14,2026-01-14T00:21:08+00:00,2026-01-14T01:20:45+00:00,59.6,Scapular Pull Ups,,,,,0,normal,,,10,,,,
cb5320ee-6574-4d21-a755-619314a07fe0,OHP Strength & Tricep Horseshoe,2026-01-14,2026-01-14T00:21:08+00:00,2026-01-14T01:20:45+00:00,59.6,Scapular Pull Ups,,,,,1,normal,,,10,,,,
cb5320ee-6574-4d21-a755-619314a07fe0,OHP Strength & Tricep Horseshoe,2026-01-14,2026-01-14T00:21:08+00:00,2026-01-14T01:20:45+00:00,59.6,Goblet Squat,,,,,0,normal,20.41168092460379,45.0,10,,,,
cb5320ee-6574-4d21-a755-619314a07fe0,OHP Strength & Tricep Horseshoe,2026-01-14,2026-01-14T00:21:08+00:00,2026-01-14T01:20:45+00:00,59.6,Goblet Squat,,,,,1,normal,20.41168092460379,45.0,10,,,,
cb5320ee-6574-4d21-a755-619314a07fe0,OHP Strength & Tricep Horseshoe,2026-01-14,2026-01-14T00:21:08+00:00,2026-01-14T01:20:45+00:00,59.6,Overhead Press (Barbell),,,,,0,normal,20.41168092460379,45.0,10,,,,
cb5320ee-6574-4d21-a755-619314a07fe0,OHP Strength & Tricep Horseshoe,2026-01-14,2026-01-14T00:21:08+00:00,2026-01-14T01:20:45+00:00,59.6,Overhead Press (Barbell),,,,,1,normal,43.091326396385774,95.0,8,,,,
cb5320ee-6574-4d21-a755-619314a07fe0,OHP Strength & Tricep Horseshoe,2026-01-14,2026-01-14T00:21:08+00:00,2026-01-14T01:20:45+00:00,59.6,Overhead Press (Barbell),,,,,2,normal,47.62725549074217,105.0,6,,,,
cb5320ee-6574-4d21-a755-619314a07fe0,OHP Strength & Tricep Horseshoe,2026-01-14,2026-01-14T00:21:08+00:00,2026-01-14T01:20:45+00:00,59.6,Overhead Press (Barbell),,,,,3,normal,52.16318458509857,115.0,4,,,,
cb5320ee-6574-4d21-a755-619314a07fe0,OHP Strength & Tricep Horseshoe,2026-01-14,2026-01-14T00:21:08+00:00,2026-01-14T01:20:45+00:00,59.6,Overhead Press (Barbell),,,,,4,normal,61.235042773811365,135.0,1,,,,
cb5320ee-6574-4d21-a755-619314a07fe0,OHP Strength & Tricep Horseshoe,2026-01-14,2026-01-14T00:21:08+00:00,2026-01-14T01:20:45+00:00,59.6,Overhead Press (Barbell),,,,,5,normal,43.091326396385774,95.0,5,,,,
cb5320ee-6574-4d21-a755-619314a07fe0,OHP Strength & Tricep Horseshoe,2026-01-14,2026-01-14T00:21:08+00:00,2026-01-14T01:20:45+00:00,59.6,Overhead Press (Barbell),,,,,6,normal,43.091326396385774,95.0,5,,,,
cb5320ee-6574-4d21-a755-619314a07fe0,OHP Strength & Tricep Horseshoe,2026-01-14,2026-01-14T00:21:08+00:00,2026-01-14T01:20:45+00:00,59.6,Face Pull,,,,1,0,normal,18.14371637742559,40.0,20,,,,
cb5320ee-6574-4d21-a755-619314a07fe0,OHP Strength & Tricep Horseshoe,2026-01-14,2026-01-14T00:21:08+00:00,2026-01-14T01:20:45+00:00,59.6,Face Pull,,,,1,1,normal,18.14371637742559,40.0,20,,,,
cb5320ee-6574-4d21-a755-619314a07fe0,OHP Strength & Tricep Horseshoe,2026-01-14,2026-01-14T00:21:08+00:00,2026-01-14T01:20:45+00:00,59.6,Face Pull,,,,1,2,normal,18.14371637742559,40.0,20,,,,
cb5320ee-6574-4d21-a755-619314a07fe0,OHP Strength & Tricep Horseshoe,2026-01-14,2026-01-14T00:21:08+00:00,2026-01-14T01:20:45+00:00,59.6,Upright Row (Cable),,,,0,0,normal,36.28743275485118,80.0,20,,,,
cb5320ee-6574-4d21-a755-619314a07fe0,OHP Strength & Tricep Horseshoe,2026-01-14,2026-01-14T00:21:08+00:00,2026-01-14T01:20:45+00:00,59.6,Upright Row (Cable),,,,0,1,normal,45.35929094356398,100.0,20,,,,
cb5320ee-6574-4d21-a755-619314a07fe0,OHP Strength & Tricep Horseshoe,2026-01-14,2026-01-14T00:21:08+00:00,2026-01-14T01:20:45+00:00,59.6,Upright Row (Cable),,,,0,2,normal,45.35929094356398,100.0,10,,,,
cb5320ee-6574-4d21-a755-619314a07fe0,OHP Strength & Tricep Horseshoe,2026-01-14,2026-01-14T00:21:08+00:00,2026-01-14T01:20:45+00:00,59.6,Overhead Triceps Extension (Cable),,,,0,0,normal,45.35929094356398,100.0,20,,,,
cb5320ee-6574-4d21-a755-619314a07fe0,OHP Strength & Tricep Horseshoe,2026-01-14,2026-01-14T00:21:08+00:00,2026-01-14T01:20:45+00:00,59.6,Overhead Triceps Extension (Cable),,,,0,1,normal,45.35929094356398,100.0,20,,,,
cb5320ee-6574-4d21-a755-619314a07fe0,OHP Strength & Tricep Horseshoe,2026-01-14,2026-01-14T00:21:08+00:00,2026-01-14T01:20:45+00:00,59.6,Overhead Triceps Extension (Cable),,,,0,2,normal,45.35929094356398,100.0,20,,,,
d272dcf1-01d3-47f5-bf4c-150c6e780ac2,Squat Strength & Bicep Hypertrophy,2026-01-07,2026-01-07T20:30:41+00:00,2026-01-08T01:31:46+00:00,301.1,Rowing Machine,,,,,0,normal,,,,0,18000,,
d272dcf1-01d3-47f5-bf4c-150c6e780ac2,Squat Strength & Bicep Hypertrophy,2026-01-07,2026-01-07T20:30:41+00:00,2026-01-08T01:31:46+00:00,301.1,Dead Hang,,,,,0,normal,,,,,65,,
d272dcf1-01d3-47f5-bf4c-150c6e780ac2,Squat Strength & Bicep Hypertrophy,2026-01-07,2026-01-07T20:30:41+00:00,2026-01-08T01:31:46+00:00,301.1,TKE's,,,,,0,normal,,,20,,,,
d272dcf1-01d3-47f5-bf4c-150c6e780ac2,Squat Strength & Bicep Hypertrophy,2026-01-07,2026-01-07T20:30:41+00:00,2026-01-08T01:31:46+00:00,301.1,Tib raises,,,,,0,normal,,,20,,,,
d272dcf1-01d3-47f5-bf4c-150c6e780ac2,Squat Strength & Bicep Hypertrophy,2026-01-07,2026-01-07T20:30:41+00:00,2026-01-08T01:31:46+00:00,301.1,Squat (Barbell),,,,,0,normal,20.41168092460379,45.0,10,,,,
d272dcf1-01d3-47f5-bf4c-150c6e780ac2,Squat Strength & Bicep Hypertrophy,2026-01-07,2026-01-07T20:30:41+00:00,2026-01-08T01:31:46+00:00,301.1,Squat (Barbell),,,,,1,normal,61.235042773811365,135.0,5,,,,
d272dcf1-01d3-47f5-bf4c-150c6e780ac2,Squat Strength & Bicep Hypertrophy,2026-01-07,2026-01-07T20:30:41+00:00,2026-01-08T01:31:46+00:00,301.1,Squat (Barbell),,,,,2,normal,83.91468824559335,185.0,3,,,,
d272dcf1-01d3-47f5-bf4c-150c6e780ac2,Squat Strength & Bicep Hypertrophy,2026-01-07,2026-01-07T20:30:41+00:00,2026-01-08T01:31:46+00:00,301.1,Squat (Barbell),,,,,3,normal,102.05840462301894,225.0,1,,,,
d272dcf1-01d3-47f5-bf4c-150c6e780ac2,Squat Strength & Bicep Hypertrophy,2026-01-07,2026-01-07T20:30:41+00:00,2026-01-08T01:31:46+00:00,301.1,Squat (Barbell),,,,,4,normal,120.20212100044454,265.0,2,,,,
d272dcf1-01d3-47f5-bf4c-150c6e780ac2,Squat Strength & Bicep Hypertrophy,2026-01-07,2026-01-07T20:30:41+00:00,2026-01-08T01:31:46+00:00,301.1,Squat (Barbell),,,,,5,normal,120.20212100044454,265.0,2,,,,
d272dcf1-01d3-47f5-bf4c-150c6e780ac2,Squat Strength & Bicep Hypertrophy,2026-01-07,2026-01-07T20:30:41+00:00,2026-01-08T01:31:46+00:00,301.1,Squat (Barbell),,,,,6,normal,129.27397918915733,285.0,1,,,,
d272dcf1-01d3-47f5-bf4c-150c6e780ac2,Squat Strength & Bicep Hypertrophy,2026-01-07,2026-01-07T20:30:41+00:00,2026-01-08T01:31:46+00:00,301.1,Squat (Barbell),,,,,7,normal,102.05840462301894,225.0,5,,,,
d272dcf1-01d3-47f5-bf4c-150c6e780ac2,Squat Strength & Bicep Hypertrophy,2026-01-07,2026-01-07T20:30:41+00:00,2026-01-08T01:31:46+00:00,301.1,Squat (Barbell),,,,,8,normal,102.05840462301894,225.0,5,,,,
d272dcf1-01d3-47f5-bf4c-150c6e780ac2,Squat Strength & Bicep Hypertrophy,2026-01-07,2026-01-07T20:30:41+00:00,2026-01-08T01:31:46+00:00,301.1,Leg Press (Machine),,,,,0,normal,163.29344739683032,360.0,10,,,,
d272dcf1-01d3-47f5-bf4c-150c6e780ac2,Squat Strength & Bicep Hypertrophy,2026-01-07,2026-01-07T20:30:41+00:00,2026-01-08T01:31:46+00:00,301.1,Leg Press (Machine),,,,,1,normal,163.29344739683032,360.0,10,,,,
d272dcf1-01d3-47f5-bf4c-150c6e780ac2,Squat Strength & Bicep Hypertrophy,2026-01-07,2026-01-07T20:30:41+00:00,2026-01-08T01:31:46+00:00,301.1,Leg Press (Machine),,,,,2,normal,163.29344739683032,360.0,10,,,,
d272dcf1-01d3-47f5-bf4c-150c6e780ac2,Squat Strength & Bicep Hypertrophy,2026-01-07,2026-01-07T20:30:41+00:00,2026-01-08T01:31:46+00:00,301.1,Bicep Curl (Barbell),,,,,0,normal,34.01946820767298,75.0,10,,,,
d272dcf1-01d3-47f5-bf4c-150c6e780ac2,Squat Strength & Bicep Hypertrophy,2026-01-07,2026-01-07T20:30:41+00:00,2026-01-08T01:31:46+00:00,301.1,Bicep Curl (Barbell),,,,,1,normal,34.01946820767298,75.0,10,,,,
d272dcf1-01d3-47f5-bf4c-150c6e780ac2,Squat Strength & Bicep Hypertrophy,2026-01-07,2026-01-07T20:30:41+00:00,2026-01-08T01:31:46+00:00,301.1,Bicep Curl (Barbell),,,,,2,normal,34.01946820767298,75.0,10,,,,
d272dcf1-01d3-47f5-bf4c-150c6e780ac2,Squat Strength & Bicep Hypertrophy,2026-01-07,2026-01-07T20:30:41+00:00,2026-01-08T01:31:46+00:00,301.1,Bicep Curl (Barbell),,,,,3,normal,34.01946820767298,75.0,10,,,,
d272dcf1-01d3-47f5-bf4c-150c6e780ac2,Squat Strength & Bicep Hypertrophy,2026-01-07,2026-01-07T20:30:41+00:00,2026-01-08T01:31:46+00:00,301.1,Seated Incline Curl (Dumbbell),,,,0,0,normal,2.7215574566138385,6.0,6,,,,
d272dcf1-01d3-47f5-bf4c-150c6e780ac2,Squat Strength & Bicep Hypertrophy,2026-01-07,2026-01-07T20:30:41+00:00,2026-01-08T01:31:46+00:00,301.1,Seated Incline Curl (Dumbbell),,,,0,1,normal,13.607787283069193,30.0,10,,,,
d272dcf1-01d3-47f5-bf4c-150c6e780ac2,Squat Strength & Bicep Hypertrophy,2026-01-07,2026-01-07T20:30:41+00:00,2026-01-08T01:31:46+00:00,301.1,Seated Incline Curl (Dumbbell),,,,0,2,normal,13.607787283069193,30.0,10,,,,
d272dcf1-01d3-47f5-bf4c-150c6e780ac2,Squat Strength & Bicep Hypertrophy,2026-01-07,2026-01-07T20:30:41+00:00,2026-01-08T01:31:46+00:00,301.1,Single Leg Glute Bridge,,,,0,0,normal,,,20,,,,
d272dcf1-01d3-47f5-bf4c-150c6e780ac2,Squat Strength & Bicep Hypertrophy,2026-01-07,2026-01-07T20:30:41+00:00,2026-01-08T01:31:46+00:00,301.1,Single Leg Glute Bridge,,,,0,1,normal,,,20,,,,
d272dcf1-01d3-47f5-bf4c-150c6e780ac2,Squat Strength & Bicep Hypertrophy,2026-01-07,2026-01-07T20:30:41+00:00,2026-01-08T01:31:46+00:00,301.1,Single Leg Glute Bridge,,,,0,2,normal,,,12,,,,
bb97e0a2-e4b7-496b-8606-7bb81610ba2c,Bench Strength & 3D Shoulders,2026-01-05,2026-01-05T23:40:45+00:00,2026-01-06T01:35:09+00:00,114.4,Air Bike,,,,,0,normal,,,,,311,,
bb97e0a2-e4b7-496b-8606-7bb81610ba2c,Bench Strength & 3D Shoulders,2026-01-05,2026-01-05T23:40:45+00:00,2026-01-06T01:35:09+00:00,114.4,worlds greatest strech,,,,,0,normal,,,8,,,,
bb97e0a2-e4b7-496b-8606-7bb81610ba2c,Bench Strength & 3D Shoulders,2026-01-05,2026-01-05T23:40:45+00:00,2026-01-06T01:35:09+00:00,114.4,Face Pull,,,,,0,normal,18.14371637742559,40.0,20,,,,
bb97e0a2-e4b7-496b-8606-7bb81610ba2c,Bench Strength & 3D Shoulders,2026-01-05,2026-01-05T23:40:45+00:00,2026-01-06T01:35:09+00:00,114.4,Yoga Pushup,,,,,0,normal,,,10,,,,
bb97e0a2-e4b7-496b-8606-7bb81610ba2c,Bench Strength & 3D Shoulders,2026-01-05,2026-01-05T23:40:45+00:00,2026-01-06T01:35:09+00:00,114.4,Incline Bench Press (Barbell),,,,,0,normal,20.41168092460379,45.0,10,,,,
bb97e0a2-e4b7-496b-8606-7bb81610ba2c,Bench Strength & 3D Shoulders,2026-01-05,2026-01-05T23:40:45+00:00,2026-01-06T01:35:09+00:00,114.4,Incline Bench Press (Barbell),,,,,1,normal,43.091326396385774,95.0,8,,,,
bb97e0a2-e4b7-496b-8606-7bb81610ba2c,Bench Strength & 3D Shoulders,2026-01-05,2026-01-05T23:40:45+00:00,2026-01-06T01:35:09+00:00,114.4,Incline Bench Press (Barbell),,,,,2,normal,61.235042773811365,135.0,6,,,,
bb97e0a2-e4b7-496b-8606-7bb81610ba2c,Bench Strength & 3D Shoulders,2026-01-05,2026-01-05T23:40:45+00:00,2026-01-06T01:35:09+00:00,114.4,Incline Bench Press (Barbell),,,,,3,normal,83.91468824559335,185.0,4,,,,
bb97e0a2-e4b7-496b-8606-7bb81610ba2c,Bench Strength & 3D Shoulders,2026-01-05,2026-01-05T23:40:45+00:00,2026-01-06T01:35:09+00:00,114.4,Incline Bench Press (Barbell),,,,,4,normal,92.98654643430615,205.0,2,,,,
bb97e0a2-e4b7-496b-8606-7bb81610ba2c,Bench Strength & 3D Shoulders,2026-01-05,2026-01-05T23:40:45+00:00,2026-01-06T01:35:09+00:00,114.4,Incline Bench Press (Barbell),,,,,5,normal,102.05840462301894,225.0,2,,,,
bb97e0a2-e4b7-496b-8606-7bb81610ba2c,Bench Strength & 3D Shoulders,2026-01-05,2026-01-05T23:40:45+00:00,2026-01-06T01:35:09+00:00,114.4,Incline Bench Press (Barbell),,,,,6,normal,83.91468824559335,185.0,5,,,,
bb97e0a2-e4b7-496b-8606-7bb81610ba2c,Bench Strength & 3D Shoulders,2026-01-05,2026-01-05T23:40:45+00:00,2026-01-06T01:35:09+00:00,114.4,Incline Bench Press (Barbell),,,,,7,normal,83.91468824559335,185.0,5,,,,
bb97e0a2-e4b7-496b-8606-7bb81610ba2c,Bench Strength & 3D Shoulders,2026-01-05,2026-01-05T23:40:45+00:00,2026-01-06T01:35:09+00:00,114.4,Shoulder Press (Dumbbell),,,,,0,normal,22.67964547178199,50.0,8,,,,
bb97e0a2-e4b7-496b-8606-7bb81610ba2c,Bench Strength & 3D Shoulders,2026-01-05,2026-01-05T23:40:45+00:00,2026-01-06T01:35:09+00:00,114.4,Shoulder Press (Dumbbell),,,,,1,normal,22.67964547178199,50.0,8,,,,
bb97e0a2-e4b7-496b-8606-7bb81610ba2c,Bench Strength & 3D Shoulders,2026-01-05,2026-01-05T23:40:45+00:00,2026-01-06T01:35:09+00:00,114.4,Shoulder Press (Dumbbell),,,,,2,normal,22.67964547178199,50.0,8,,,,
bb97e0a2-e4b7-496b-8606-7bb81610ba2c,Bench Strength & 3D Shoulders,2026-01-05,2026-01-05T23:40:45+00:00,2026-01-06T01:35:09+00:00,114.4,Single Arm Lateral Raise (Cable),,,,0,0,normal,9.071858188712795,20.0,15,,,,
bb97e0a2-e4b7-496b-8606-7bb81610ba2c,Bench Strength & 3D Shoulders,2026-01-05,2026-01-05T23:40:45+00:00,2026-01-06T01:35:09+00:00,114.4,Single Arm Lateral Raise (Cable),,,,0,1,normal,9.071858188712795,20.0,15,,,,
bb97e0a2-e4b7-496b-8606-7bb81610ba2c,Bench Strength & 3D Shoulders,2026-01-05,2026-01-05T23:40:45+00:00,2026-01-06T01:35:09+00:00,114.4,Single Arm Lateral Raise (Cable),,,,0,2,normal,9.071858188712795,20.0,15,,,,
bb97e0a2-e4b7-496b-8606-7bb81610ba2c,Bench Strength & 3D Shoulders,2026-01-05,2026-01-05T23:40:45+00:00,2026-01-06T01:35:09+00:00,114.4,Triceps Rope Pushdown,,,,0,0,normal,22.67964547178199,50.0,20,,,,
bb97e0a2-e4b7-496b-8606-7bb81610ba2c,Bench Strength & 3D Shoulders,2026-01-05,2026-01-05T23:40:45+00:00,2026-01-06T01:35:09+00:00,114.4,Triceps Rope Pushdown,,,,0,1,normal,22.67964547178199,50.0,20,,,,
bb97e0a2-e4b7-496b-8606-7bb81610ba2c,Bench Strength & 3D Shoulders,2026-01-05,2026-01-05T23:40:45+00:00,2026-01-06T01:35:09+00:00,114.4,Triceps Rope Pushdown,,,,0,2,normal,22.67964547178199,50.0,20,,,,
bb97e0a2-e4b7-496b-8606-7bb81610ba2c,Bench Strength & 3D Shoulders,2026-01-05,2026-01-05T23:40:45+00:00,2026-01-06T01:35:09+00:00,114.4,Dead Hang,,,,,0,normal,,,,,70,,
bb97e0a2-e4b7-496b-8606-7bb81610ba2c,Bench Strength & 3D Shoulders,2026-01-05,2026-01-05T23:40:45+00:00,2026-01-06T01:35:09+00:00,114.4,Dead Hang,,,,,1,normal,,,,,60,,
033f1bd2-f4b6-4c7a-9d60-c966d184d538,Deadlift Power & Brachialis Mass,2026-01-01,2026-01-01T22:52:51+00:00,2026-01-02T00:13:13+00:00,80.4,Rowing Machine,,,,,0,normal,,,,0,300,,
033f1bd2-f4b6-4c7a-9d60-c966d184d538,Deadlift Power & Brachialis Mass,2026-01-01,2026-01-01T22:52:51+00:00,2026-01-02T00:13:13+00:00,80.4,Bird Dog,,,,0,0,normal,,,10,,,,
033f1bd2-f4b6-4c7a-9d60-c966d184d538,Deadlift Power & Brachialis Mass,2026-01-01,2026-01-01T22:52:51+00:00,2026-01-02T00:13:13+00:00,80.4,Bird Dog,,,,0,1,normal,,,10,,,,
033f1bd2-f4b6-4c7a-9d60-c966d184d538,Deadlift Power & Brachialis Mass,2026-01-01,2026-01-01T22:52:51+00:00,2026-01-02T00:13:13+00:00,80.4,Kettlebell Swing,,,,0,0,normal,22.67964547178199,50.0,10,,,,
033f1bd2-f4b6-4c7a-9d60-c966d184d538,Deadlift Power & Brachialis Mass,2026-01-01,2026-01-01T22:52:51+00:00,2026-01-02T00:13:13+00:00,80.4,Kettlebell Swing,,,,0,1,normal,22.67964547178199,50.0,10,,,,
033f1bd2-f4b6-4c7a-9d60-c966d184d538,Deadlift Power & Brachialis Mass,2026-01-01,2026-01-01T22:52:51+00:00,2026-01-02T00:13:13+00:00,80.4,TKE's,,,,0,0,normal,,,20,,,,
033f1bd2-f4b6-4c7a-9d60-c966d184d538,Deadlift Power & Brachialis Mass,2026-01-01,2026-01-01T22:52:51+00:00,2026-01-02T00:13:13+00:00,80.4,TKE's,,,,0,1,normal,,,20,,,,
033f1bd2-f4b6-4c7a-9d60-c966d184d538,Deadlift Power & Brachialis Mass,2026-01-01,2026-01-01T22:52:51+00:00,2026-01-02T00:13:13+00:00,80.4,Deadlift (Barbell),,,,,0,normal,61.235042773811365,135.0,5,,,,
033f1bd2-f4b6-4c7a-9d60-c966d184d538,Deadlift Power & Brachialis Mass,2026-01-01,2026-01-01T22:52:51+00:00,2026-01-02T00:13:13+00:00,80.4,Deadlift (Barbell),,,,,1,normal,102.05840462301894,225.0,3,,,,
033f1bd2-f4b6-4c7a-9d60-c966d184d538,Deadlift Power & Brachialis Mass,2026-01-01,2026-01-01T22:52:51+00:00,2026-01-02T00:13:13+00:00,80.4,Deadlift (Barbell),,,,,2,normal,142.88176647222653,315.0,1,,,,
033f1bd2-f4b6-4c7a-9d60-c966d184d538,Deadlift Power & Brachialis Mass,2026-01-01,2026-01-01T22:52:51+00:00,2026-01-02T00:13:13+00:00,80.4,Deadlift (Barbell),,,,,3,normal,165.5614119440085,365.0,3,,,,
033f1bd2-f4b6-4c7a-9d60-c966d184d538,Deadlift Power & Brachialis Mass,2026-01-01,2026-01-01T22:52:51+00:00,2026-01-02T00:13:13+00:00,80.4,Deadlift (Barbell),,,,,4,normal,165.5614119440085,365.0,3,,,,
033f1bd2-f4b6-4c7a-9d60-c966d184d538,Deadlift Power & Brachialis Mass,2026-01-01,2026-01-01T22:52:51+00:00,2026-01-02T00:13:13+00:00,80.4,Deadlift (Barbell),,,,,5,normal,102.05840462301894,225.0,5,,,,
033f1bd2-f4b6-4c7a-9d60-c966d184d538,Deadlift Power & Brachialis Mass,2026-01-01,2026-01-01T22:52:51+00:00,2026-01-02T00:13:13+00:00,80.4,Deadlift (Barbell),,,,,6,normal,102.05840462301894,225.0,5,,,,
033f1bd2-f4b6-4c7a-9d60-c966d184d538,Deadlift Power & Brachialis Mass,2026-01-01,2026-01-01T22:52:51+00:00,2026-01-02T00:13:13+00:00,80.4,Romanian Deadlift (Barbell),Use a crash pad as the wall begind you.,,,,0,normal,61.235042773811365,135.0,10,,,,
033f1bd2-f4b6-4c7a-9d60-c966d184d538,Deadlift Power & Brachialis Mass,2026-01-01,2026-01-01T22:52:51+00:00,2026-01-02T00:13:13+00:00,80.4,Romanian Deadlift (Barbell),Use a crash pad as the wall begind you.,,,,1,normal,61.235042773811365,135.0,10,,,,
033f1bd2-f4b6-4c7a-9d60-c966d184d538,Deadlift Power & Brachialis Mass,2026-01-01,2026-01-01T22:52:51+00:00,2026-01-02T00:13:13+00:00,80.4,Romanian Deadlift (Barbell),Use a crash pad as the wall begind you.,,,,2,normal,83.91468824559335,185.0,8,,,,
033f1bd2-f4b6-4c7a-9d60-c966d184d538,Deadlift Power & Brachialis Mass,2026-01-01,2026-01-01T22:52:51+00:00,2026-01-02T00:13:13+00:00,80.4,Hammer Curl (Dumbbell),,,,,0,normal,15.87575183024739,35.0,10,,,,
033f1bd2-f4b6-4c7a-9d60-c966d184d538,Deadlift Power & Brachialis Mass,2026-01-01,2026-01-01T22:52:51+00:00,2026-01-02T00:13:13+00:00,80.4,Hammer Curl (Dumbbell),,,,,1,normal,15.87575183024739,35.0,10,,,,
033f1bd2-f4b6-4c7a-9d60-c966d184d538,Deadlift Power & Brachialis Mass,2026-01-01,2026-01-01T22:52:51+00:00,2026-01-02T00:13:13+00:00,80.4,Hammer Curl (Dumbbell),,,,,2,normal,15.87575183024739,35.0,10,,,,
033f1bd2-f4b6-4c7a-9d60-c966d184d538,Deadlift Power & Brachialis Mass,2026-01-01,2026-01-01T22:52:51+00:00,2026-01-02T00:13:13+00:00,80.4,Rope Cable Curl,,,,,0,normal,58.96707822663317,130.0,12,,,,
033f1bd2-f4b6-4c7a-9d60-c966d184d538,Deadlift Power & Brachialis Mass,2026-01-01,2026-01-01T22:52:51+00:00,2026-01-02T00:13:13+00:00,80.4,Rope Cable Curl,,,,,1,normal,58.96707822663317,130.0,12,,,,
033f1bd2-f4b6-4c7a-9d60-c966d184d538,Deadlift Power & Brachialis Mass,2026-01-01,2026-01-01T22:52:51+00:00,2026-01-02T00:13:13+00:00,80.4,Rope Cable Curl,,,,,2,normal,58.96707822663317,130.0,12,,,,
033f1bd2-f4b6-4c7a-9d60-c966d184d538,Deadlift Power & Brachialis Mass,2026-01-01,2026-01-01T22:52:51+00:00,2026-01-02T00:13:13+00:00,80.4,Standing Calf Raise (Machine),Deep strech. Slow,,,,0,normal,63.50300732098956,140.0,12,,,,
033f1bd2-f4b6-4c7a-9d60-c966d184d538,Deadlift Power & Brachialis Mass,2026-01-01,2026-01-01T22:52:51+00:00,2026-01-02T00:13:13+00:00,80.4,Standing Calf Raise (Machine),Deep strech. Slow,,,,1,normal,63.50300732098956,140.0,12,,,,
033f1bd2-f4b6-4c7a-9d60-c966d184d538,Deadlift Power & Brachialis Mass,2026-01-01,2026-01-01T22:52:51+00:00,2026-01-02T00:13:13+00:00,80.4,Standing Calf Raise (Machine),Deep strech. Slow,,,,2,normal,63.50300732098956,140.0,12,,,,
033f1bd2-f4b6-4c7a-9d60-c966d184d538,Deadlift Power & Brachialis Mass,2026-01-01,2026-01-01T22:52:51+00:00,2026-01-02T00:13:13+00:00,80.4,Plank,,,,,0,normal,,,,,60,,
033f1bd2-f4b6-4c7a-9d60-c966d184d538,Deadlift Power & Brachialis Mass,2026-01-01,2026-01-01T22:52:51+00:00,2026-01-02T00:13:13+00:00,80.4,Plank,,,,,1,normal,,,,,60,,
033f1bd2-f4b6-4c7a-9d60-c966d184d538,Deadlift Power & Brachialis Mass,2026-01-01,2026-01-01T22:52:51+00:00,2026-01-02T00:13:13+00:00,80.4,Plank,,,,,2,normal,,,,,60,,
033f1bd2-f4b6-4c7a-9d60-c966d184d538,Deadlift Power & Brachialis Mass,2026-01-01,2026-01-01T22:52:51+00:00,2026-01-02T00:13:13+00:00,80.4,Dead Hang,,,,,0,normal,,,,,60,,
4391e744-73b9-4de0-93dc-0ce412d57adc,Squat Strength & Bicep Hypertrophy,2025-12-31,2025-12-31T01:26:51+00:00,2025-12-31T02:03:07+00:00,36.3,Squat (Barbell),,,,,0,normal,20.41168092460379,45.0,10,,,,
4391e744-73b9-4de0-93dc-0ce412d57adc,Squat Strength & Bicep Hypertrophy,2025-12-31,2025-12-31T01:26:51+00:00,2025-12-31T02:03:07+00:00,36.3,Squat (Barbell),,,,,1,normal,61.235042773811365,135.0,5,,,,
4391e744-73b9-4de0-93dc-0ce412d57adc,Squat Strength & Bicep Hypertrophy,2025-12-31,2025-12-31T01:26:51+00:00,2025-12-31T02:03:07+00:00,36.3,Squat (Barbell),,,,,2,normal,83.91468824559335,185.0,3,,,,
4391e744-73b9-4de0-93dc-0ce412d57adc,Squat Strength & Bicep Hypertrophy,2025-12-31,2025-12-31T01:26:51+00:00,2025-12-31T02:03:07+00:00,36.3,Squat (Barbell),,,,,3,normal,115.66619190608813,255.0,1,,,,
4391e744-73b9-4de0-93dc-0ce412d57adc,Squat Strength & Bicep Hypertrophy,2025-12-31,2025-12-31T01:26:51+00:00,2025-12-31T02:03:07+00:00,36.3,Squat (Barbell),,,,,4,normal,115.66619190608813,255.0,2,,,,
4391e744-73b9-4de0-93dc-0ce412d57adc,Squat Strength & Bicep Hypertrophy,2025-12-31,2025-12-31T01:26:51+00:00,2025-12-31T02:03:07+00:00,36.3,Squat (Barbell),,,,,5,normal,115.66619190608813,255.0,2,,,,
4391e744-73b9-4de0-93dc-0ce412d57adc,Squat Strength & Bicep Hypertrophy,2025-12-31,2025-12-31T01:26:51+00:00,2025-12-31T02:03:07+00:00,36.3,Squat (Barbell),,,,,6,normal,102.05840462301894,225.0,5,,,,
4391e744-73b9-4de0-93dc-0ce412d57adc,Squat Strength & Bicep Hypertrophy,2025-12-31,2025-12-31T01:26:51+00:00,2025-12-31T02:03:07+00:00,36.3,Squat (Barbell),,,,,7,normal,102.05840462301894,225.0,5,,,,
4391e744-73b9-4de0-93dc-0ce412d57adc,Squat Strength & Bicep Hypertrophy,2025-12-31,2025-12-31T01:26:51+00:00,2025-12-31T02:03:07+00:00,36.3,Leg Press (Machine),,,,,0,normal,163.29344739683032,360.0,10,,,,
4391e744-73b9-4de0-93dc-0ce412d57adc,Squat Strength & Bicep Hypertrophy,2025-12-31,2025-12-31T01:26:51+00:00,2025-12-31T02:03:07+00:00,36.3,Leg Press (Machine),,,,,1,normal,163.29344739683032,360.0,10,,,,
4391e744-73b9-4de0-93dc-0ce412d57adc,Squat Strength & Bicep Hypertrophy,2025-12-31,2025-12-31T01:26:51+00:00,2025-12-31T02:03:07+00:00,36.3,Leg Press (Machine),,,,,2,normal,163.29344739683032,360.0,10,,,,
4391e744-73b9-4de0-93dc-0ce412d57adc,Squat Strength & Bicep Hypertrophy,2025-12-31,2025-12-31T01:26:51+00:00,2025-12-31T02:03:07+00:00,36.3,Single Leg Glute Bridge,,,,0,0,normal,,,10,,,,
4391e744-73b9-4de0-93dc-0ce412d57adc,Squat Strength & Bicep Hypertrophy,2025-12-31,2025-12-31T01:26:51+00:00,2025-12-31T02:03:07+00:00,36.3,Single Leg Glute Bridge,,,,0,1,normal,,,15,,,,
4391e744-73b9-4de0-93dc-0ce412d57adc,Squat Strength & Bicep Hypertrophy,2025-12-31,2025-12-31T01:26:51+00:00,2025-12-31T02:03:07+00:00,36.3,Single Leg Glute Bridge,,,,0,2,normal,,,15,,,,
c5cc1d88-693e-43a5-9049-ec77f1cb6236,Bench Strength & 3D Shoulders,2025-12-28,2025-12-28T21:51:22+00:00,2025-12-28T23:06:45+00:00,75.4,Air Bike,,,,,0,normal,,,,,311,,
c5cc1d88-693e-43a5-9049-ec77f1cb6236,Bench Strength & 3D Shoulders,2025-12-28,2025-12-28T21:51:22+00:00,2025-12-28T23:06:45+00:00,75.4,worlds greatest strech,,,,,0,normal,,,8,,,,
c5cc1d88-693e-43a5-9049-ec77f1cb6236,Bench Strength & 3D Shoulders,2025-12-28,2025-12-28T21:51:22+00:00,2025-12-28T23:06:45+00:00,75.4,Face Pull,,,,,0,normal,18.14371637742559,40.0,20,,,,
c5cc1d88-693e-43a5-9049-ec77f1cb6236,Bench Strength & 3D Shoulders,2025-12-28,2025-12-28T21:51:22+00:00,2025-12-28T23:06:45+00:00,75.4,Yoga Pushup,,,,,0,normal,,,10,,,,
c5cc1d88-693e-43a5-9049-ec77f1cb6236,Bench Strength & 3D Shoulders,2025-12-28,2025-12-28T21:51:22+00:00,2025-12-28T23:06:45+00:00,75.4,Bench Press (Barbell),,,,,0,normal,20.41168092460379,45.0,12,,,,
c5cc1d88-693e-43a5-9049-ec77f1cb6236,Bench Strength & 3D Shoulders,2025-12-28,2025-12-28T21:51:22+00:00,2025-12-28T23:06:45+00:00,75.4,Bench Press (Barbell),,,,,1,normal,61.235042773811365,135.0,8,,,,
c5cc1d88-693e-43a5-9049-ec77f1cb6236,Bench Strength & 3D Shoulders,2025-12-28,2025-12-28T21:51:22+00:00,2025-12-28T23:06:45+00:00,75.4,Bench Press (Barbell),,,,,2,normal,83.91468824559335,185.0,5,,,,
c5cc1d88-693e-43a5-9049-ec77f1cb6236,Bench Strength & 3D Shoulders,2025-12-28,2025-12-28T21:51:22+00:00,2025-12-28T23:06:45+00:00,75.4,Bench Press (Barbell),,,,,3,normal,92.98654643430615,205.0,3,,,,
c5cc1d88-693e-43a5-9049-ec77f1cb6236,Bench Strength & 3D Shoulders,2025-12-28,2025-12-28T21:51:22+00:00,2025-12-28T23:06:45+00:00,75.4,Bench Press (Barbell),,,,,4,normal,102.05840462301894,225.0,3,,,,
c5cc1d88-693e-43a5-9049-ec77f1cb6236,Bench Strength & 3D Shoulders,2025-12-28,2025-12-28T21:51:22+00:00,2025-12-28T23:06:45+00:00,75.4,Bench Press (Barbell),,,,,5,normal,102.05840462301894,225.0,3,,,,
c5cc1d88-693e-43a5-9049-ec77f1cb6236,Bench Strength & 3D Shoulders,2025-12-28,2025-12-28T21:51:22+00:00,2025-12-28T23:06:45+00:00,75.4,Bench Press (Barbell),,,,,6,normal,83.91468824559335,185.0,5,,,,
c5cc1d88-693e-43a5-9049-ec77f1cb6236,Bench Strength & 3D Shoulders,2025-12-28,2025-12-28T21:51:22+00:00,2025-12-28T23:06:45+00:00,75.4,Bench Press (Barbell),,,,,7,normal,83.91468824559335,185.0,5,,,,
c5cc1d88-693e-43a5-9049-ec77f1cb6236,Bench Strength & 3D Shoulders,2025-12-28,2025-12-28T21:51:22+00:00,2025-12-28T23:06:45+00:00,75.4,Shoulder Press (Dumbbell),,,,,0,normal,24.947610018960187,55.0,8,,,,
c5cc1d88-693e-43a5-9049-ec77f1cb6236,Bench Strength & 3D Shoulders,2025-12-28,2025-12-28T21:51:22+00:00,2025-12-28T23:06:45+00:00,75.4,Shoulder Press (Dumbbell),,,,,1,normal,24.947610018960187,55.0,8,,,,
c5cc1d88-693e-43a5-9049-ec77f1cb6236,Bench Strength & 3D Shoulders,2025-12-28,2025-12-28T21:51:22+00:00,2025-12-28T23:06:45+00:00,75.4,Shoulder Press (Dumbbell),,,,,2,normal,24.947610018960187,55.0,6,,,,
c5cc1d88-693e-43a5-9049-ec77f1cb6236,Bench Strength & 3D Shoulders,2025-12-28,2025-12-28T21:51:22+00:00,2025-12-28T23:06:45+00:00,75.4,Single Arm Lateral Raise (Cable),,,,0,0,normal,9.071858188712795,20.0,12,,,,
c5cc1d88-693e-43a5-9049-ec77f1cb6236,Bench Strength & 3D Shoulders,2025-12-28,2025-12-28T21:51:22+00:00,2025-12-28T23:06:45+00:00,75.4,Single Arm Lateral Raise (Cable),,,,0,1,normal,9.071858188712795,20.0,20,,,,
c5cc1d88-693e-43a5-9049-ec77f1cb6236,Bench Strength & 3D Shoulders,2025-12-28,2025-12-28T21:51:22+00:00,2025-12-28T23:06:45+00:00,75.4,Single Arm Lateral Raise (Cable),,,,0,2,normal,9.071858188712795,20.0,20,,,,
c5cc1d88-693e-43a5-9049-ec77f1cb6236,Bench Strength & 3D Shoulders,2025-12-28,2025-12-28T21:51:22+00:00,2025-12-28T23:06:45+00:00,75.4,Single Arm Lateral Raise (Cable),,,,0,3,normal,9.071858188712795,20.0,15,,,,
c5cc1d88-693e-43a5-9049-ec77f1cb6236,Bench Strength & 3D Shoulders,2025-12-28,2025-12-28T21:51:22+00:00,2025-12-28T23:06:45+00:00,75.4,Triceps Rope Pushdown,,,,0,0,normal,27.215574566138386,60.0,20,,,,
c5cc1d88-693e-43a5-9049-ec77f1cb6236,Bench Strength & 3D Shoulders,2025-12-28,2025-12-28T21:51:22+00:00,2025-12-28T23:06:45+00:00,75.4,Triceps Rope Pushdown,,,,0,1,normal,27.215574566138386,60.0,20,,,,
c5cc1d88-693e-43a5-9049-ec77f1cb6236,Bench Strength & 3D Shoulders,2025-12-28,2025-12-28T21:51:22+00:00,2025-12-28T23:06:45+00:00,75.4,Triceps Rope Pushdown,,,,0,2,normal,27.215574566138386,60.0,20,,,,
c5cc1d88-693e-43a5-9049-ec77f1cb6236,Bench Strength & 3D Shoulders,2025-12-28,2025-12-28T21:51:22+00:00,2025-12-28T23:06:45+00:00,75.4,Triceps Rope Pushdown,,,,0,3,normal,31.75150366049478,70.0,12,,,,
c5cc1d88-693e-43a5-9049-ec77f1cb6236,Bench Strength & 3D Shoulders,2025-12-28,2025-12-28T21:51:22+00:00,2025-12-28T23:06:45+00:00,75.4,Triceps Dip (Weighted),,,,,0,normal,20.41168092460379,45.0,6,,,,
c5cc1d88-693e-43a5-9049-ec77f1cb6236,Bench Strength & 3D Shoulders,2025-12-28,2025-12-28T21:51:22+00:00,2025-12-28T23:06:45+00:00,75.4,Triceps Dip (Weighted),,,,,1,normal,0,0.0,2,,,,
c5cc1d88-693e-43a5-9049-ec77f1cb6236,Bench Strength & 3D Shoulders,2025-12-28,2025-12-28T21:51:22+00:00,2025-12-28T23:06:45+00:00,75.4,Triceps Dip (Weighted),,,,,2,normal,20.41168092460379,45.0,7,,,,
c5cc1d88-693e-43a5-9049-ec77f1cb6236,Bench Strength & 3D Shoulders,2025-12-28,2025-12-28T21:51:22+00:00,2025-12-28T23:06:45+00:00,75.4,Triceps Dip (Weighted),,,,,3,normal,20.41168092460379,45.0,4,,,,
c5cc1d88-693e-43a5-9049-ec77f1cb6236,Bench Strength & 3D Shoulders,2025-12-28,2025-12-28T21:51:22+00:00,2025-12-28T23:06:45+00:00,75.4,Triceps Dip (Weighted),,,,,4,normal,20.41168092460379,45.0,4,,,,
c5cc1d88-693e-43a5-9049-ec77f1cb6236,Bench Strength & 3D Shoulders,2025-12-28,2025-12-28T21:51:22+00:00,2025-12-28T23:06:45+00:00,75.4,Dead Hang,,,,,0,normal,,,,,35,,
c5cc1d88-693e-43a5-9049-ec77f1cb6236,Bench Strength & 3D Shoulders,2025-12-28,2025-12-28T21:51:22+00:00,2025-12-28T23:06:45+00:00,75.4,Dead Hang,,,,,1,normal,,,,,20,,
fe2bb05a-7841-4465-8531-5adf1461bf77,OHP Strength & Tricep Horseshoe,2025-12-28,2025-12-28T00:53:35+00:00,2025-12-28T01:53:21+00:00,59.8,Air Bike,,,,,0,normal,,,,,180,,
fe2bb05a-7841-4465-8531-5adf1461bf77,OHP Strength & Tricep Horseshoe,2025-12-28,2025-12-28T00:53:35+00:00,2025-12-28T01:53:21+00:00,59.8,Dead Hang,,,,,0,normal,,,,,90,,
fe2bb05a-7841-4465-8531-5adf1461bf77,OHP Strength & Tricep Horseshoe,2025-12-28,2025-12-28T00:53:35+00:00,2025-12-28T01:53:21+00:00,59.8,Scapular Pull Ups,,,,,0,normal,,,10,,,,
fe2bb05a-7841-4465-8531-5adf1461bf77,OHP Strength & Tricep Horseshoe,2025-12-28,2025-12-28T00:53:35+00:00,2025-12-28T01:53:21+00:00,59.8,Scapular Pull Ups,,,,,1,normal,,,10,,,,
fe2bb05a-7841-4465-8531-5adf1461bf77,OHP Strength & Tricep Horseshoe,2025-12-28,2025-12-28T00:53:35+00:00,2025-12-28T01:53:21+00:00,59.8,Goblet Squat,,,,,0,normal,20.41168092460379,45.0,10,,,,
fe2bb05a-7841-4465-8531-5adf1461bf77,OHP Strength & Tricep Horseshoe,2025-12-28,2025-12-28T00:53:35+00:00,2025-12-28T01:53:21+00:00,59.8,Goblet Squat,,,,,1,normal,20.41168092460379,45.0,10,,,,
fe2bb05a-7841-4465-8531-5adf1461bf77,OHP Strength & Tricep Horseshoe,2025-12-28,2025-12-28T00:53:35+00:00,2025-12-28T01:53:21+00:00,59.8,Seated Overhead Press (Barbell),,,,,0,normal,20.41168092460379,45.0,10,,,,
fe2bb05a-7841-4465-8531-5adf1461bf77,OHP Strength & Tricep Horseshoe,2025-12-28,2025-12-28T00:53:35+00:00,2025-12-28T01:53:21+00:00,59.8,Seated Overhead Press (Barbell),,,,,1,normal,29.483539113316585,65.0,8,,,,
fe2bb05a-7841-4465-8531-5adf1461bf77,OHP Strength & Tricep Horseshoe,2025-12-28,2025-12-28T00:53:35+00:00,2025-12-28T01:53:21+00:00,59.8,Seated Overhead Press (Barbell),,,,,2,normal,43.091326396385774,95.0,4,,,,
fe2bb05a-7841-4465-8531-5adf1461bf77,OHP Strength & Tricep Horseshoe,2025-12-28,2025-12-28T00:53:35+00:00,2025-12-28T01:53:21+00:00,59.8,Seated Overhead Press (Barbell),,,,,3,normal,47.62725549074217,105.0,5,,,,
fe2bb05a-7841-4465-8531-5adf1461bf77,OHP Strength & Tricep Horseshoe,2025-12-28,2025-12-28T00:53:35+00:00,2025-12-28T01:53:21+00:00,59.8,Seated Overhead Press (Barbell),,,,,4,normal,52.16318458509857,115.0,3,,,,
fe2bb05a-7841-4465-8531-5adf1461bf77,OHP Strength & Tricep Horseshoe,2025-12-28,2025-12-28T00:53:35+00:00,2025-12-28T01:53:21+00:00,59.8,Seated Overhead Press (Barbell),,,,,5,normal,43.091326396385774,95.0,5,,,,
fe2bb05a-7841-4465-8531-5adf1461bf77,OHP Strength & Tricep Horseshoe,2025-12-28,2025-12-28T00:53:35+00:00,2025-12-28T01:53:21+00:00,59.8,Seated Overhead Press (Barbell),,,,,6,normal,43.091326396385774,95.0,5,,,,
fe2bb05a-7841-4465-8531-5adf1461bf77,OHP Strength & Tricep Horseshoe,2025-12-28,2025-12-28T00:53:35+00:00,2025-12-28T01:53:21+00:00,59.8,Dumbbell Step Up,,,,1,0,normal,24.040424200088907,53.0,10,,,,
fe2bb05a-7841-4465-8531-5adf1461bf77,OHP Strength & Tricep Horseshoe,2025-12-28,2025-12-28T00:53:35+00:00,2025-12-28T01:53:21+00:00,59.8,Dumbbell Step Up,,,,1,1,normal,24.040424200088907,53.0,10,,,,
fe2bb05a-7841-4465-8531-5adf1461bf77,OHP Strength & Tricep Horseshoe,2025-12-28,2025-12-28T00:53:35+00:00,2025-12-28T01:53:21+00:00,59.8,Dumbbell Step Up,,,,1,2,normal,24.040424200088907,53.0,10,,,,
fe2bb05a-7841-4465-8531-5adf1461bf77,OHP Strength & Tricep Horseshoe,2025-12-28,2025-12-28T00:53:35+00:00,2025-12-28T01:53:21+00:00,59.8,Face Pull,,,,1,0,normal,13.607787283069193,30.0,20,,,,
fe2bb05a-7841-4465-8531-5adf1461bf77,OHP Strength & Tricep Horseshoe,2025-12-28,2025-12-28T00:53:35+00:00,2025-12-28T01:53:21+00:00,59.8,Face Pull,,,,1,1,normal,27.215574566138386,60.0,20,,,,
fe2bb05a-7841-4465-8531-5adf1461bf77,OHP Strength & Tricep Horseshoe,2025-12-28,2025-12-28T00:53:35+00:00,2025-12-28T01:53:21+00:00,59.8,Face Pull,,,,1,2,normal,27.215574566138386,60.0,20,,,,
fe2bb05a-7841-4465-8531-5adf1461bf77,OHP Strength & Tricep Horseshoe,2025-12-28,2025-12-28T00:53:35+00:00,2025-12-28T01:53:21+00:00,59.8,Upright Row (Cable),,,,0,0,normal,40.82336184920758,90.0,20,,,,
fe2bb05a-7841-4465-8531-5adf1461bf77,OHP Strength & Tricep Horseshoe,2025-12-28,2025-12-28T00:53:35+00:00,2025-12-28T01:53:21+00:00,59.8,Upright Row (Cable),,,,0,1,normal,58.96707822663317,130.0,12,,,,
fe2bb05a-7841-4465-8531-5adf1461bf77,OHP Strength & Tricep Horseshoe,2025-12-28,2025-12-28T00:53:35+00:00,2025-12-28T01:53:21+00:00,59.8,Upright Row (Cable),,,,0,2,normal,58.96707822663317,130.0,12,,,,
fe2bb05a-7841-4465-8531-5adf1461bf77,OHP Strength & Tricep Horseshoe,2025-12-28,2025-12-28T00:53:35+00:00,2025-12-28T01:53:21+00:00,59.8,Overhead Triceps Extension (Cable),,,,0,0,normal,40.82336184920758,90.0,20,,,,
fe2bb05a-7841-4465-8531-5adf1461bf77,OHP Strength & Tricep Horseshoe,2025-12-28,2025-12-28T00:53:35+00:00,2025-12-28T01:53:21+00:00,59.8,Overhead Triceps Extension (Cable),,,,0,1,normal,58.96707822663317,130.0,12,,,,
fe2bb05a-7841-4465-8531-5adf1461bf77,OHP Strength & Tricep Horseshoe,2025-12-28,2025-12-28T00:53:35+00:00,2025-12-28T01:53:21+00:00,59.8,Overhead Triceps Extension (Cable),,,,0,2,normal,49.895220037920375,110.0,15,,,,
36daa7a2-9ae5-411a-bf22-94aeb3fbe640,Day 1 – Squat and Lower Accessories,2025-12-22,2025-12-22T22:36:03+00:00,2025-12-23T00:19:43+00:00,103.7,Dead Hang,,,,,0,normal,,,,,61,,
36daa7a2-9ae5-411a-bf22-94aeb3fbe640,Day 1 – Squat and Lower Accessories,2025-12-22,2025-12-22T22:36:03+00:00,2025-12-23T00:19:43+00:00,103.7,Squat (Barbell),,,,,0,normal,20.41168092460379,45.0,8,,,,
36daa7a2-9ae5-411a-bf22-94aeb3fbe640,Day 1 – Squat and Lower Accessories,2025-12-22,2025-12-22T22:36:03+00:00,2025-12-23T00:19:43+00:00,103.7,Squat (Barbell),,,,,1,normal,61.235042773811365,135.0,6,,,,
36daa7a2-9ae5-411a-bf22-94aeb3fbe640,Day 1 – Squat and Lower Accessories,2025-12-22,2025-12-22T22:36:03+00:00,2025-12-23T00:19:43+00:00,103.7,Squat (Barbell),,,,,2,normal,83.91468824559335,185.0,4,,,,
36daa7a2-9ae5-411a-bf22-94aeb3fbe640,Day 1 – Squat and Lower Accessories,2025-12-22,2025-12-22T22:36:03+00:00,2025-12-23T00:19:43+00:00,103.7,Squat (Barbell),,,,,3,normal,92.98654643430615,205.0,3,,,,
36daa7a2-9ae5-411a-bf22-94aeb3fbe640,Day 1 – Squat and Lower Accessories,2025-12-22,2025-12-22T22:36:03+00:00,2025-12-23T00:19:43+00:00,103.7,Squat (Barbell),,,,,4,normal,124.73805009480093,275.0,2,,,,
36daa7a2-9ae5-411a-bf22-94aeb3fbe640,Day 1 – Squat and Lower Accessories,2025-12-22,2025-12-22T22:36:03+00:00,2025-12-23T00:19:43+00:00,103.7,Squat (Barbell),,,,,5,normal,124.73805009480093,275.0,2,,,,
36daa7a2-9ae5-411a-bf22-94aeb3fbe640,Day 1 – Squat and Lower Accessories,2025-12-22,2025-12-22T22:36:03+00:00,2025-12-23T00:19:43+00:00,103.7,Squat (Barbell),,,,,6,normal,133.80990828351372,295.0,2,,,,
36daa7a2-9ae5-411a-bf22-94aeb3fbe640,Day 1 – Squat and Lower Accessories,2025-12-22,2025-12-22T22:36:03+00:00,2025-12-23T00:19:43+00:00,103.7,Squat (Barbell),,,,,7,normal,102.05840462301894,225.0,5,,,,
36daa7a2-9ae5-411a-bf22-94aeb3fbe640,Day 1 – Squat and Lower Accessories,2025-12-22,2025-12-22T22:36:03+00:00,2025-12-23T00:19:43+00:00,103.7,Squat (Barbell),,,,,8,normal,102.05840462301894,225.0,5,,,,
36daa7a2-9ae5-411a-bf22-94aeb3fbe640,Day 1 – Squat and Lower Accessories,2025-12-22,2025-12-22T22:36:03+00:00,2025-12-23T00:19:43+00:00,103.7,Front Squat,,,,,0,normal,74.84283005688056,165.0,8,,,,
36daa7a2-9ae5-411a-bf22-94aeb3fbe640,Day 1 – Squat and Lower Accessories,2025-12-22,2025-12-22T22:36:03+00:00,2025-12-23T00:19:43+00:00,103.7,Front Squat,,,,,1,normal,74.84283005688056,165.0,8,,,,
36daa7a2-9ae5-411a-bf22-94aeb3fbe640,Day 1 – Squat and Lower Accessories,2025-12-22,2025-12-22T22:36:03+00:00,2025-12-23T00:19:43+00:00,103.7,Front Squat,,,,,2,normal,74.84283005688056,165.0,8,,,,
36daa7a2-9ae5-411a-bf22-94aeb3fbe640,Day 1 – Squat and Lower Accessories,2025-12-22,2025-12-22T22:36:03+00:00,2025-12-23T00:19:43+00:00,103.7,Romanian Deadlift (Barbell),,,,0,0,normal,74.84283005688056,165.0,10,,,,
36daa7a2-9ae5-411a-bf22-94aeb3fbe640,Day 1 – Squat and Lower Accessories,2025-12-22,2025-12-22T22:36:03+00:00,2025-12-23T00:19:43+00:00,103.7,Romanian Deadlift (Barbell),,,,0,1,normal,74.84283005688056,165.0,10,,,,
36daa7a2-9ae5-411a-bf22-94aeb3fbe640,Day 1 – Squat and Lower Accessories,2025-12-22,2025-12-22T22:36:03+00:00,2025-12-23T00:19:43+00:00,103.7,Romanian Deadlift (Barbell),,,,0,2,normal,74.84283005688056,165.0,10,,,,
36daa7a2-9ae5-411a-bf22-94aeb3fbe640,Day 1 – Squat and Lower Accessories,2025-12-22,2025-12-22T22:36:03+00:00,2025-12-23T00:19:43+00:00,103.7,Single Leg Glute Bridge,,,,0,0,normal,,,10,,,,
36daa7a2-9ae5-411a-bf22-94aeb3fbe640,Day 1 – Squat and Lower Accessories,2025-12-22,2025-12-22T22:36:03+00:00,2025-12-23T00:19:43+00:00,103.7,Single Leg Glute Bridge,,,,0,1,normal,,,10,,,,
36daa7a2-9ae5-411a-bf22-94aeb3fbe640,Day 1 – Squat and Lower Accessories,2025-12-22,2025-12-22T22:36:03+00:00,2025-12-23T00:19:43+00:00,103.7,Single Leg Glute Bridge,,,,0,2,normal,,,10,,,,
